method,pattern,ratio,seed,sample,mask_area,area_bin,sample_dice,sample_iou
sparse_unet,random,0.5,20260701,sample_0000.npz,1901,medium,0.7419275326596007,0.5897335423197492
sparse_unet,random,0.5,20260701,sample_0001.npz,1901,medium,0.6575197889182058,0.48977987421383645
sparse_unet,random,0.5,20260701,sample_0002.npz,1901,medium,0.6674561819043108,0.5008887308922858
sparse_unet,random,0.5,20260701,sample_0003.npz,1901,medium,0.669166889900884,0.5028180354267311
sparse_unet,random,0.5,20260701,sample_0004.npz,1901,medium,0.7237642083002908,0.5671085335542668
sparse_unet,random,0.5,20260701,sample_0005.npz,1901,medium,0.7287110283852954,0.5732064421669106
sparse_unet,random,0.5,20260701,sample_0006.npz,1901,medium,0.7405660377358491,0.5880149812734082
sparse_unet,random,0.5,20260701,sample_0007.npz,1901,medium,0.6802827965435978,0.5154761904761904
sparse_unet,random,0.5,20260701,sample_0008.npz,1901,medium,0.7210689572894298,0.5638059701492537
sparse_unet,random,0.5,20260701,sample_0009.npz,1901,medium,0.6781638346436724,0.5130468150422103
sparse_unet,random,0.5,20260701,sample_0010.npz,3931,large,0.8220269478617458,0.6978317087726278
sparse_unet,random,0.5,20260701,sample_0011.npz,3931,large,0.7958587088915956,0.6609346550677726
sparse_unet,random,0.5,20260701,sample_0012.npz,3931,large,0.7665776050522225,0.6215045293422607
sparse_unet,random,0.5,20260701,sample_0013.npz,3931,large,0.7486525134748653,0.5982770745428974
sparse_unet,random,0.5,20260701,sample_0014.npz,3931,large,0.7784600850259802,0.637277648878577
sparse_unet,random,0.5,20260701,sample_0015.npz,3931,large,0.793720809548521,0.6579909657990965
sparse_unet,random,0.5,20260701,sample_0016.npz,3931,large,0.7385163506807482,0.5854347387532782
sparse_unet,random,0.5,20260701,sample_0017.npz,3931,large,0.7952001846082843,0.6600268147864394
sparse_unet,random,0.5,20260701,sample_0018.npz,3931,large,0.7819854258750448,0.6420164770498235
sparse_unet,random,0.5,20260701,sample_0019.npz,3931,large,0.8318726937269373,0.712142152023692
sparse_unet,random,0.5,20260701,sample_0020.npz,3610,large,0.6737823579928843,0.5080481036077705
sparse_unet,random,0.5,20260701,sample_0021.npz,3610,large,0.6850168787327967,0.5209320695102686
sparse_unet,random,0.5,20260701,sample_0022.npz,3610,large,0.703485392106612,0.5425973512551888
sparse_unet,random,0.5,20260701,sample_0023.npz,3610,large,0.655821047280122,0.48789712556732223
sparse_unet,random,0.5,20260701,sample_0024.npz,3610,large,0.6380903490759754,0.46852619675838675
sparse_unet,random,0.5,20260701,sample_0025.npz,3610,large,0.7447058823529412,0.5932521087160263
sparse_unet,random,0.5,20260701,sample_0026.npz,3610,large,0.7059376837154615,0.5455206251135745
sparse_unet,random,0.5,20260701,sample_0027.npz,3610,large,0.6925957241212707,0.5297487065779749
sparse_unet,random,0.5,20260701,sample_0028.npz,3610,large,0.6583587432056212,0.4907114624505929
sparse_unet,random,0.5,20260701,sample_0029.npz,3610,large,0.6394277400581959,0.46996970237034397
sparse_unet,random,0.5,20260701,sample_0030.npz,3065,large,0.5031632222690847,0.33615102845872075
sparse_unet,random,0.5,20260701,sample_0031.npz,3065,large,0.465239355304306,0.3031347962382445
sparse_unet,random,0.5,20260701,sample_0032.npz,3065,large,0.49966450458510403,0.3330351818723912
sparse_unet,random,0.5,20260701,sample_0033.npz,3065,large,0.5285106382978724,0.3591671486408329
sparse_unet,random,0.5,20260701,sample_0034.npz,3065,large,0.47640150675825393,0.3126817917393834
sparse_unet,random,0.5,20260701,sample_0035.npz,3065,large,0.5054615549368173,0.33820578962453424
sparse_unet,random,0.5,20260701,sample_0036.npz,3065,large,0.4705611775528979,0.3076691729323308
sparse_unet,random,0.5,20260701,sample_0037.npz,3065,large,0.47242050616482806,0.3092608326253186
sparse_unet,random,0.5,20260701,sample_0038.npz,3065,large,0.5232436939754013,0.3543195934500282
sparse_unet,random,0.5,20260701,sample_0039.npz,3065,large,0.5024674742036788,0.335530257639305
sparse_unet,random,0.5,20260701,sample_0040.npz,1470,medium,0.7485248665355437,0.5981140547822182
sparse_unet,random,0.5,20260701,sample_0041.npz,1470,medium,0.7072847682119205,0.5471311475409836
sparse_unet,random,0.5,20260701,sample_0042.npz,1470,medium,0.756389342033714,0.6082203760384783
sparse_unet,random,0.5,20260701,sample_0043.npz,1470,medium,0.739010989010989,0.5860566448801743
sparse_unet,random,0.5,20260701,sample_0044.npz,1470,medium,0.7222960403933032,0.5653078202995009
sparse_unet,random,0.5,20260701,sample_0045.npz,1470,medium,0.7403048943567799,0.5876857749469214
sparse_unet,random,0.5,20260701,sample_0046.npz,1470,medium,0.712082262210797,0.5528942115768463
sparse_unet,random,0.5,20260701,sample_0047.npz,1470,medium,0.7311827956989247,0.576271186440678
sparse_unet,random,0.5,20260701,sample_0048.npz,1470,medium,0.7448537378114843,0.5934397928355633
sparse_unet,random,0.5,20260701,sample_0049.npz,1470,medium,0.7216165913320925,0.5644758735440932
sparse_unet,random,0.5,20260701,sample_0050.npz,5703,large,0.6162888329135181,0.44538834951456313
sparse_unet,random,0.5,20260701,sample_0051.npz,5703,large,0.5977177177177178,0.42624635943121464
sparse_unet,random,0.5,20260701,sample_0052.npz,5703,large,0.6126546812981555,0.44160215415684956
sparse_unet,random,0.5,20260701,sample_0053.npz,5703,large,0.7002617801047121,0.5387713997985901
sparse_unet,random,0.5,20260701,sample_0054.npz,5703,large,0.6164090368608799,0.4455139223100722
sparse_unet,random,0.5,20260701,sample_0055.npz,5703,large,0.6885245901639344,0.525
sparse_unet,random,0.5,20260701,sample_0056.npz,5703,large,0.6075859624246721,0.4363543788187373
sparse_unet,random,0.5,20260701,sample_0057.npz,5703,large,0.6116970278044104,0.44060773480662985
sparse_unet,random,0.5,20260701,sample_0058.npz,5703,large,0.6197051252047742,0.4489657511020685
sparse_unet,random,0.5,20260701,sample_0059.npz,5703,large,0.6721744119334481,0.5062219149671621
sparse_unet,random,0.5,20260701,sample_0060.npz,1619,medium,0.6651970239735464,0.49834847233691165
sparse_unet,random,0.5,20260701,sample_0061.npz,1619,medium,0.6762430939226519,0.5108514190317195
sparse_unet,random,0.5,20260701,sample_0062.npz,1619,medium,0.6823986674069961,0.5179098187947746
sparse_unet,random,0.5,20260701,sample_0063.npz,1619,medium,0.6593347639484979,0.491796718687475
sparse_unet,random,0.5,20260701,sample_0064.npz,1619,medium,0.7026719727117681,0.5416301489921121
sparse_unet,random,0.5,20260701,sample_0065.npz,1619,medium,0.6780432309442548,0.5129087779690189
sparse_unet,random,0.5,20260701,sample_0066.npz,1619,medium,0.675743262017227,0.5102811582039446
sparse_unet,random,0.5,20260701,sample_0067.npz,1619,medium,0.6668497665476517,0.5002060156571899
sparse_unet,random,0.5,20260701,sample_0068.npz,1619,medium,0.6634938409854423,0.4964390448261416
sparse_unet,random,0.5,20260701,sample_0069.npz,1619,medium,0.6694701429772918,0.5031605562579013
sparse_unet,random,0.5,20260701,sample_0070.npz,3556,large,0.685672514619883,0.5216907675194661
sparse_unet,random,0.5,20260701,sample_0071.npz,3556,large,0.6982868469488885,0.5364368066130085
sparse_unet,random,0.5,20260701,sample_0072.npz,3556,large,0.6905890318212593,0.5274043433298863
sparse_unet,random,0.5,20260701,sample_0073.npz,3556,large,0.6791075050709939,0.5141277641277642
sparse_unet,random,0.5,20260701,sample_0074.npz,3556,large,0.7013927576601672,0.5401115401115401
sparse_unet,random,0.5,20260701,sample_0075.npz,3556,large,0.6887682194912832,0.525283347863993
sparse_unet,random,0.5,20260701,sample_0076.npz,3556,large,0.6918106686701728,0.5288306914771422
sparse_unet,random,0.5,20260701,sample_0077.npz,3556,large,0.719047619047619,0.5613382899628253
sparse_unet,random,0.5,20260701,sample_0078.npz,3556,large,0.6845158411423472,0.5203527815468114
sparse_unet,random,0.5,20260701,sample_0079.npz,3556,large,0.6953231421219919,0.5329466357308584
sparse_unet,random,0.5,20260701,sample_0080.npz,3899,large,0.5411561691113028,0.370948663354625
sparse_unet,random,0.5,20260701,sample_0081.npz,3899,large,0.5879682179341658,0.41639871382636656
sparse_unet,random,0.5,20260701,sample_0082.npz,3899,large,0.42637759710930445,0.2709529276693456
sparse_unet,random,0.5,20260701,sample_0083.npz,3899,large,0.559316464015774,0.38822992700729925
sparse_unet,random,0.5,20260701,sample_0084.npz,3899,large,0.5552626954840977,0.38433471174896616
sparse_unet,random,0.5,20260701,sample_0085.npz,3899,large,0.38659086453636543,0.2396111786148238
sparse_unet,random,0.5,20260701,sample_0086.npz,3899,large,0.5305471931999292,0.36105085562786216
sparse_unet,random,0.5,20260701,sample_0087.npz,3899,large,0.5837873534753178,0.4122173000699464
sparse_unet,random,0.5,20260701,sample_0088.npz,3899,large,0.5449398443029017,0.3745136186770428
sparse_unet,random,0.5,20260701,sample_0089.npz,3899,large,0.40450216450216453,0.2535272411547645
sparse_unet,random,0.5,20260701,sample_0090.npz,1153,medium,0.8504594820384294,0.7398255813953488
sparse_unet,random,0.5,20260701,sample_0091.npz,1153,medium,0.7623188405797101,0.6159250585480094
sparse_unet,random,0.5,20260701,sample_0092.npz,1153,medium,0.8196457326892109,0.694406548431105
sparse_unet,random,0.5,20260701,sample_0093.npz,1153,medium,0.8424068767908309,0.7277227722772277
sparse_unet,random,0.5,20260701,sample_0094.npz,1153,medium,0.8195718654434251,0.694300518134715
sparse_unet,random,0.5,20260701,sample_0095.npz,1153,medium,0.8294930875576036,0.7086614173228346
sparse_unet,random,0.5,20260701,sample_0096.npz,1153,medium,0.7911602209944751,0.6544789762340036
sparse_unet,random,0.5,20260701,sample_0097.npz,1153,medium,0.8102918586789555,0.6810845706907682
sparse_unet,random,0.5,20260701,sample_0098.npz,1153,medium,0.8182874854707478,0.6924590163934427
sparse_unet,random,0.5,20260701,sample_0099.npz,1153,medium,0.8324833267948215,0.7130376344086021
sparse_unet,random,0.5,20260701,sample_0100.npz,1180,medium,0.6943396226415094,0.5317919075144508
sparse_unet,random,0.5,20260701,sample_0101.npz,1180,medium,0.7258536585365853,0.5696784073506891
sparse_unet,random,0.5,20260701,sample_0102.npz,1180,medium,0.713527851458886,0.554639175257732
sparse_unet,random,0.5,20260701,sample_0103.npz,1180,medium,0.7300131061598951,0.5748194014447885
sparse_unet,random,0.5,20260701,sample_0104.npz,1180,medium,0.7218193803559657,0.5647240845796803
sparse_unet,random,0.5,20260701,sample_0105.npz,1180,medium,0.7084432717678101,0.5485188968335035
sparse_unet,random,0.5,20260701,sample_0106.npz,1180,medium,0.7222222222222222,0.5652173913043478
sparse_unet,random,0.5,20260701,sample_0107.npz,1180,medium,0.7038349983886562,0.5430134261561412
sparse_unet,random,0.5,20260701,sample_0108.npz,1180,medium,0.7141500474833808,0.5553914327917282
sparse_unet,random,0.5,20260701,sample_0109.npz,1180,medium,0.6725219573400251,0.5066162570888468
sparse_unet,random,0.5,20260701,sample_0110.npz,548,small,0.8003565062388592,0.6671619613670133
sparse_unet,random,0.5,20260701,sample_0111.npz,548,small,0.7828894269572235,0.6432360742705571
sparse_unet,random,0.5,20260701,sample_0112.npz,548,small,0.75,0.6
sparse_unet,random,0.5,20260701,sample_0113.npz,548,small,0.7442622950819672,0.5926892950391645
sparse_unet,random,0.5,20260701,sample_0114.npz,548,small,0.7557959814528593,0.6074534161490683
sparse_unet,random,0.5,20260701,sample_0115.npz,548,small,0.7876322213181448,0.6496644295302013
sparse_unet,random,0.5,20260701,sample_0116.npz,548,small,0.7965162311955661,0.6618421052631579
sparse_unet,random,0.5,20260701,sample_0117.npz,548,small,0.8415492957746479,0.7264437689969605
sparse_unet,random,0.5,20260701,sample_0118.npz,548,small,0.8,0.6666666666666666
sparse_unet,random,0.5,20260701,sample_0119.npz,548,small,0.7815924032140248,0.6414868105515588
sparse_unet,random,0.5,20260701,sample_0120.npz,1680,medium,0.8544545721846516,0.7458932238193019
sparse_unet,random,0.5,20260701,sample_0121.npz,1680,medium,0.7977907333537895,0.6636038795303726
sparse_unet,random,0.5,20260701,sample_0122.npz,1680,medium,0.8444568556269199,0.7307878202029966
sparse_unet,random,0.5,20260701,sample_0123.npz,1680,medium,0.7821401077752117,0.6422250316055625
sparse_unet,random,0.5,20260701,sample_0124.npz,1680,medium,0.8638065073423553,0.7602635580334516
sparse_unet,random,0.5,20260701,sample_0125.npz,1680,medium,0.8452380952380952,0.7319587628865979
sparse_unet,random,0.5,20260701,sample_0126.npz,1680,medium,0.8414162451651295,0.7262455059065228
sparse_unet,random,0.5,20260701,sample_0127.npz,1680,medium,0.8319954128440367,0.7123220422189495
sparse_unet,random,0.5,20260701,sample_0128.npz,1680,medium,0.8858867490658235,0.7951496388028896
sparse_unet,random,0.5,20260701,sample_0129.npz,1680,medium,0.8302739339169726,0.7098020280057943
sparse_unet,random,0.5,20260701,sample_0130.npz,1109,medium,0.5975044563279858,0.42602948652770717
sparse_unet,random,0.5,20260701,sample_0131.npz,1109,medium,0.6024691358024692,0.43109540636042404
sparse_unet,random,0.5,20260701,sample_0132.npz,1109,medium,0.6376627500793903,0.46806526806526805
sparse_unet,random,0.5,20260701,sample_0133.npz,1109,medium,0.6436603334625824,0.4745568896512293
sparse_unet,random,0.5,20260701,sample_0134.npz,1109,medium,0.626465661641541,0.4560975609756098
sparse_unet,random,0.5,20260701,sample_0135.npz,1109,medium,0.652112676056338,0.48380355276907
sparse_unet,random,0.5,20260701,sample_0136.npz,1109,medium,0.6618998978549541,0.4946564885496183
sparse_unet,random,0.5,20260701,sample_0137.npz,1109,medium,0.6345963756177925,0.46476833976833976
sparse_unet,random,0.5,20260701,sample_0138.npz,1109,medium,0.6853559572113611,0.521324354657688
sparse_unet,random,0.5,20260701,sample_0139.npz,1109,medium,0.594839609483961,0.42332506203473946
sparse_unet,random,0.5,20260701,sample_0140.npz,452,small,0.31715210355987056,0.18846153846153846
sparse_unet,random,0.5,20260701,sample_0141.npz,452,small,0.3391003460207612,0.20416666666666666
sparse_unet,random,0.5,20260701,sample_0142.npz,452,small,0.27146814404432135,0.15705128205128205
sparse_unet,random,0.5,20260701,sample_0143.npz,452,small,0.31243358129649307,0.18513853904282115
sparse_unet,random,0.5,20260701,sample_0144.npz,452,small,0.3161290322580645,0.18773946360153257
sparse_unet,random,0.5,20260701,sample_0145.npz,452,small,0.2873900293255132,0.1678082191780822
sparse_unet,random,0.5,20260701,sample_0146.npz,452,small,0.3127659574468085,0.1853720050441362
sparse_unet,random,0.5,20260701,sample_0147.npz,452,small,0.3252212389380531,0.19418758256274768
sparse_unet,random,0.5,20260701,sample_0148.npz,452,small,0.31210191082802546,0.18490566037735848
sparse_unet,random,0.5,20260701,sample_0149.npz,452,small,0.3391003460207612,0.20416666666666666
sparse_unet,random,0.5,20260701,sample_0150.npz,797,small,0.7265952491849091,0.570592538405267
sparse_unet,random,0.5,20260701,sample_0151.npz,797,small,0.7420901246404602,0.5899390243902439
sparse_unet,random,0.5,20260701,sample_0152.npz,797,small,0.7269338303821062,0.5710102489019033
sparse_unet,random,0.5,20260701,sample_0153.npz,797,small,0.7218390804597701,0.564748201438849
sparse_unet,random,0.5,20260701,sample_0154.npz,797,small,0.7173076923076923,0.5592203898050975
sparse_unet,random,0.5,20260701,sample_0155.npz,797,small,0.7411930483795209,0.5888059701492537
sparse_unet,random,0.5,20260701,sample_0156.npz,797,small,0.7027268663388466,0.5416953824948312
sparse_unet,random,0.5,20260701,sample_0157.npz,797,small,0.6660899653979239,0.4993514915693904
sparse_unet,random,0.5,20260701,sample_0158.npz,797,small,0.7373831775700934,0.5840118430792006
sparse_unet,random,0.5,20260701,sample_0159.npz,797,small,0.7239776951672863,0.5673707210487983
sparse_unet,random,0.5,20260701,sample_0160.npz,457,small,0.6612149532710281,0.493891797556719
sparse_unet,random,0.5,20260701,sample_0161.npz,457,small,0.698019801980198,0.5361216730038023
sparse_unet,random,0.5,20260701,sample_0162.npz,457,small,0.6625310173697271,0.49536178107606677
sparse_unet,random,0.5,20260701,sample_0163.npz,457,small,0.7421383647798742,0.59
sparse_unet,random,0.5,20260701,sample_0164.npz,457,small,0.6959706959706959,0.5337078651685393
sparse_unet,random,0.5,20260701,sample_0165.npz,457,small,0.7152941176470589,0.5567765567765568
sparse_unet,random,0.5,20260701,sample_0166.npz,457,small,0.7579214195183777,0.610204081632653
sparse_unet,random,0.5,20260701,sample_0167.npz,457,small,0.7740324594257179,0.6313645621181263
sparse_unet,random,0.5,20260701,sample_0168.npz,457,small,0.64293659621802,0.4737704918032787
sparse_unet,random,0.5,20260701,sample_0169.npz,457,small,0.7524271844660194,0.603112840466926
sparse_unet,random,0.5,20260701,sample_0170.npz,993,medium,0.5841245727307254,0.4125536480686695
sparse_unet,random,0.5,20260701,sample_0171.npz,993,medium,0.6854460093896714,0.5214285714285715
sparse_unet,random,0.5,20260701,sample_0172.npz,993,medium,0.6506469500924215,0.4821917808219178
sparse_unet,random,0.5,20260701,sample_0173.npz,993,medium,0.6892886345053147,0.5258889582033687
sparse_unet,random,0.5,20260701,sample_0174.npz,993,medium,0.6853932584269663,0.5213675213675214
sparse_unet,random,0.5,20260701,sample_0175.npz,993,medium,0.6572194561470701,0.4894466628636623
sparse_unet,random,0.5,20260701,sample_0176.npz,993,medium,0.5743550834597876,0.4028738690792975
sparse_unet,random,0.5,20260701,sample_0177.npz,993,medium,0.649025069637883,0.48041237113402063
sparse_unet,random,0.5,20260701,sample_0178.npz,993,medium,0.6378737541528239,0.4682926829268293
sparse_unet,random,0.5,20260701,sample_0179.npz,993,medium,0.5972944849115505,0.4258160237388724
sparse_unet,random,0.5,20260701,sample_0180.npz,704,small,0.5958583834335337,0.42435775451950525
sparse_unet,random,0.5,20260701,sample_0181.npz,704,small,0.6172839506172839,0.44642857142857145
sparse_unet,random,0.5,20260701,sample_0182.npz,704,small,0.6033222591362126,0.4319695528068506
sparse_unet,random,0.5,20260701,sample_0183.npz,704,small,0.6277269528501056,0.4574358974358974
sparse_unet,random,0.5,20260701,sample_0184.npz,704,small,0.64480111653873,0.47579814624098865
sparse_unet,random,0.5,20260701,sample_0185.npz,704,small,0.5889101338432122,0.4173441734417344
sparse_unet,random,0.5,20260701,sample_0186.npz,704,small,0.6661742983751846,0.4994462901439646
sparse_unet,random,0.5,20260701,sample_0187.npz,704,small,0.6900958466453674,0.526829268292683
sparse_unet,random,0.5,20260701,sample_0188.npz,704,small,0.56188831318365,0.3907125700560448
sparse_unet,random,0.5,20260701,sample_0189.npz,704,small,0.6262773722627737,0.45589798087141337
sparse_unet,random,0.5,20260701,sample_0190.npz,2309,large,0.7719232917520015,0.6285627653123105
sparse_unet,random,0.5,20260701,sample_0191.npz,2309,large,0.7271117407472995,0.5712298274902615
sparse_unet,random,0.5,20260701,sample_0192.npz,2309,large,0.7044359528160824,0.5437291613234163
sparse_unet,random,0.5,20260701,sample_0193.npz,2309,large,0.7971516551193225,0.66272
sparse_unet,random,0.5,20260701,sample_0194.npz,2309,large,0.7703233040553168,0.6264437689969605
sparse_unet,random,0.5,20260701,sample_0195.npz,2309,large,0.8426741393114492,0.7281217571774472
sparse_unet,random,0.5,20260701,sample_0196.npz,2309,large,0.6647798742138364,0.49788035798398494
sparse_unet,random,0.5,20260701,sample_0197.npz,2309,large,0.7216248506571087,0.5644859813084112
sparse_unet,random,0.5,20260701,sample_0198.npz,2309,large,0.7934678194044188,0.6576433121019108
sparse_unet,random,0.5,20260701,sample_0199.npz,2309,large,0.7261862917398946,0.5700883002207505
sparse_unet,random,0.5,20260701,sample_0200.npz,2380,large,0.6687069625095639,0.5022988505747127
sparse_unet,random,0.5,20260701,sample_0201.npz,2380,large,0.6387629965342575,0.4692518605562084
sparse_unet,random,0.5,20260701,sample_0202.npz,2380,large,0.7502406159769008,0.6003080477474009
sparse_unet,random,0.5,20260701,sample_0203.npz,2380,large,0.6752786220871327,0.5097514340344168
sparse_unet,random,0.5,20260701,sample_0204.npz,2380,large,0.6875323331608898,0.5238470634607805
sparse_unet,random,0.5,20260701,sample_0205.npz,2380,large,0.6623443983402489,0.495153160139589
sparse_unet,random,0.5,20260701,sample_0206.npz,2380,large,0.6484414920797138,0.479773156899811
sparse_unet,random,0.5,20260701,sample_0207.npz,2380,large,0.7068793619142573,0.5466461063993832
sparse_unet,random,0.5,20260701,sample_0208.npz,2380,large,0.7037037037037037,0.5428571428571428
sparse_unet,random,0.5,20260701,sample_0209.npz,2380,large,0.6946169772256728,0.5321173671689136
sparse_unet,random,0.5,20260701,sample_0210.npz,955,small,0.4445511281805089,0.2858024691358025
sparse_unet,random,0.5,20260701,sample_0211.npz,955,small,0.3715215034333213,0.22814025743453173
sparse_unet,random,0.5,20260701,sample_0212.npz,955,small,0.3689695098417599,0.22621864647420728
sparse_unet,random,0.5,20260701,sample_0213.npz,955,small,0.4703965236284628,0.3075284090909091
sparse_unet,random,0.5,20260701,sample_0214.npz,955,small,0.4342235410484669,0.27732154137713205
sparse_unet,random,0.5,20260701,sample_0215.npz,955,small,0.3549618320610687,0.21577726218097448
sparse_unet,random,0.5,20260701,sample_0216.npz,955,small,0.4903293256664924,0.324792243767313
sparse_unet,random,0.5,20260701,sample_0217.npz,955,small,0.49685893774985723,0.3305471124620061
sparse_unet,random,0.5,20260701,sample_0218.npz,955,small,0.34763379035824854,0.21038543897216275
sparse_unet,random,0.5,20260701,sample_0219.npz,955,small,0.3987836663770634,0.2490504612045578
sparse_unet,random,0.5,20260701,sample_0220.npz,383,small,0.6253164556962025,0.4548802946593002
sparse_unet,random,0.5,20260701,sample_0221.npz,383,small,0.8320987654320988,0.7124735729386892
sparse_unet,random,0.5,20260701,sample_0222.npz,383,small,0.7463556851311953,0.5953488372093023
sparse_unet,random,0.5,20260701,sample_0223.npz,383,small,0.5824742268041238,0.4109090909090909
sparse_unet,random,0.5,20260701,sample_0224.npz,383,small,0.7931937172774869,0.6572668112798264
sparse_unet,random,0.5,20260701,sample_0225.npz,383,small,0.6833578792341679,0.5190156599552572
sparse_unet,random,0.5,20260701,sample_0226.npz,383,small,0.8080808080808081,0.6779661016949152
sparse_unet,random,0.5,20260701,sample_0227.npz,383,small,0.7905759162303665,0.6536796536796536
sparse_unet,random,0.5,20260701,sample_0228.npz,383,small,0.6090425531914894,0.4378585086042065
sparse_unet,random,0.5,20260701,sample_0229.npz,383,small,0.9029850746268657,0.8231292517006803
sparse_unet,random,0.5,20260701,sample_0230.npz,817,small,0.8169014084507042,0.6904761904761905
sparse_unet,random,0.5,20260701,sample_0231.npz,817,small,0.7390321121664405,0.5860832137733142
sparse_unet,random,0.5,20260701,sample_0232.npz,817,small,0.7422489588153632,0.5901398086828551
sparse_unet,random,0.5,20260701,sample_0233.npz,817,small,0.8070175438596491,0.6764705882352942
sparse_unet,random,0.5,20260701,sample_0234.npz,817,small,0.7862823061630219,0.6478296478296478
sparse_unet,random,0.5,20260701,sample_0235.npz,817,small,0.8037848605577689,0.671940049958368
sparse_unet,random,0.5,20260701,sample_0236.npz,817,small,0.7931540342298289,0.6572123176661264
sparse_unet,random,0.5,20260701,sample_0237.npz,817,small,0.7403715450838242,0.5877697841726619
sparse_unet,random,0.5,20260701,sample_0238.npz,817,small,0.7546816479400749,0.606015037593985
sparse_unet,random,0.5,20260701,sample_0239.npz,817,small,0.7995991983967936,0.666110183639399
sparse_unet,random,0.5,20260701,sample_0240.npz,1951,medium,0.7631447170756134,0.617004048582996
sparse_unet,random,0.5,20260701,sample_0241.npz,1951,medium,0.7388694347173587,0.5858786195953987
sparse_unet,random,0.5,20260701,sample_0242.npz,1951,medium,0.7222222222222222,0.5652173913043478
sparse_unet,random,0.5,20260701,sample_0243.npz,1951,medium,0.782103134479272,0.6421751764217518
sparse_unet,random,0.5,20260701,sample_0244.npz,1951,medium,0.8229896160347742,0.6992203528929011
sparse_unet,random,0.5,20260701,sample_0245.npz,1951,medium,0.7863874345549738,0.6479723899913719
sparse_unet,random,0.5,20260701,sample_0246.npz,1951,medium,0.7736503219415553,0.6308562197092084
sparse_unet,random,0.5,20260701,sample_0247.npz,1951,medium,0.8480793060718711,0.7362306368330465
sparse_unet,random,0.5,20260701,sample_0248.npz,1951,medium,0.6677814938684504,0.501255230125523
sparse_unet,random,0.5,20260701,sample_0249.npz,1951,medium,0.7254305977710233,0.5691573926868044
sparse_unet,random,0.5,20260701,sample_0250.npz,3829,large,0.6843381283336027,0.5201474201474201
sparse_unet,random,0.5,20260701,sample_0251.npz,3829,large,0.6342762063227954,0.4644249512670565
sparse_unet,random,0.5,20260701,sample_0252.npz,3829,large,0.724054462934947,0.5674650225278635
sparse_unet,random,0.5,20260701,sample_0253.npz,3829,large,0.5851587705892342,0.41358617378780604
sparse_unet,random,0.5,20260701,sample_0254.npz,3829,large,0.6440191387559808,0.47494707127734653
sparse_unet,random,0.5,20260701,sample_0255.npz,3829,large,0.7077015463143672,0.5476301115241635
sparse_unet,random,0.5,20260701,sample_0256.npz,3829,large,0.6893685051958434,0.5259819468162966
sparse_unet,random,0.5,20260701,sample_0257.npz,3829,large,0.6097440132122213,0.438583986695177
sparse_unet,random,0.5,20260701,sample_0258.npz,3829,large,0.7471839799749687,0.5964035964035964
sparse_unet,random,0.5,20260701,sample_0259.npz,3829,large,0.716707768187423,0.5584914724957963
sparse_unet,random,0.5,20260701,sample_0260.npz,1968,medium,0.3335369578497251,0.2001466275659824
sparse_unet,random,0.5,20260701,sample_0261.npz,1968,medium,0.3306202638226214,0.1980497646267653
sparse_unet,random,0.5,20260701,sample_0262.npz,1968,medium,0.337879209574172,0.20328198258539854
sparse_unet,random,0.5,20260701,sample_0263.npz,1968,medium,0.35294117647058826,0.21428571428571427
sparse_unet,random,0.5,20260701,sample_0264.npz,1968,medium,0.3465725213298029,0.2096085409252669
sparse_unet,random,0.5,20260701,sample_0265.npz,1968,medium,0.3361840165143026,0.2020560085076214
sparse_unet,random,0.5,20260701,sample_0266.npz,1968,medium,0.3489079347525574,0.21131949095780309
sparse_unet,random,0.5,20260701,sample_0267.npz,1968,medium,0.3224122934183821,0.19218804009678533
sparse_unet,random,0.5,20260701,sample_0268.npz,1968,medium,0.3330406789581504,0.19978932584269662
sparse_unet,random,0.5,20260701,sample_0269.npz,1968,medium,0.3244013683010262,0.1936032664171487
sparse_unet,random,0.5,20260701,sample_0270.npz,368,small,0.7301587301587301,0.575
sparse_unet,random,0.5,20260701,sample_0271.npz,368,small,0.7487283825025433,0.5983739837398374
sparse_unet,random,0.5,20260701,sample_0272.npz,368,small,0.7265469061876247,0.5705329153605015
sparse_unet,random,0.5,20260701,sample_0273.npz,368,small,0.7745415318230853,0.6320422535211268
sparse_unet,random,0.5,20260701,sample_0274.npz,368,small,0.7374749498997996,0.5841269841269842
sparse_unet,random,0.5,20260701,sample_0275.npz,368,small,0.7922497308934338,0.6559714795008913
sparse_unet,random,0.5,20260701,sample_0276.npz,368,small,0.7880085653104925,0.6501766784452296
sparse_unet,random,0.5,20260701,sample_0277.npz,368,small,0.7236971484759095,0.5670261941448382
sparse_unet,random,0.5,20260701,sample_0278.npz,368,small,0.7973713033953997,0.663023679417122
sparse_unet,random,0.5,20260701,sample_0279.npz,368,small,0.7813852813852814,0.6412078152753108
sparse_unet,random,0.5,20260701,sample_0280.npz,595,small,0.5519523494374586,0.3811700182815356
sparse_unet,random,0.5,20260701,sample_0281.npz,595,small,0.5266170578133944,0.35742035742035744
sparse_unet,random,0.5,20260701,sample_0282.npz,595,small,0.6058201058201058,0.43453510436432635
sparse_unet,random,0.5,20260701,sample_0283.npz,595,small,0.5422057917436846,0.37193575655114114
sparse_unet,random,0.5,20260701,sample_0284.npz,595,small,0.6072607260726073,0.43601895734597157
sparse_unet,random,0.5,20260701,sample_0285.npz,595,small,0.5997267759562842,0.42829268292682926
sparse_unet,random,0.5,20260701,sample_0286.npz,595,small,0.580441640378549,0.4088888888888889
sparse_unet,random,0.5,20260701,sample_0287.npz,595,small,0.592020592020592,0.42047531992687387
sparse_unet,random,0.5,20260701,sample_0288.npz,595,small,0.6666666666666666,0.5
sparse_unet,random,0.5,20260701,sample_0289.npz,595,small,0.5904505716207128,0.41889312977099236
sparse_unet,random,0.5,20260701,sample_0290.npz,2717,large,0.6647471657369084,0.49784366576819405
sparse_unet,random,0.5,20260701,sample_0291.npz,2717,large,0.6467836257309941,0.47796024200518583
sparse_unet,random,0.5,20260701,sample_0292.npz,2717,large,0.6940622737146995,0.531466592736346
sparse_unet,random,0.5,20260701,sample_0293.npz,2717,large,0.6639676113360324,0.49696969696969695
sparse_unet,random,0.5,20260701,sample_0294.npz,2717,large,0.6710914454277286,0.5049944506104328
sparse_unet,random,0.5,20260701,sample_0295.npz,2717,large,0.6887686062246279,0.5252837977296182
sparse_unet,random,0.5,20260701,sample_0296.npz,2717,large,0.5908311910882605,0.41927637579811494
sparse_unet,random,0.5,20260701,sample_0297.npz,2717,large,0.6292927417857805,0.459100758396533
sparse_unet,random,0.5,20260701,sample_0298.npz,2717,large,0.5942767542140337,0.42275515895147797
sparse_unet,random,0.5,20260701,sample_0299.npz,2717,large,0.6560457516339869,0.48814589665653496
sparse_unet,random,0.5,20260701,sample_0300.npz,990,medium,0.7700050327126321,0.6260229132569558
sparse_unet,random,0.5,20260701,sample_0301.npz,990,medium,0.7691472026072786,0.6248896734333628
sparse_unet,random,0.5,20260701,sample_0302.npz,990,medium,0.7,0.5384615384615384
sparse_unet,random,0.5,20260701,sample_0303.npz,990,medium,0.7969072164948454,0.662382176520994
sparse_unet,random,0.5,20260701,sample_0304.npz,990,medium,0.7852516193323368,0.6464315012305168
sparse_unet,random,0.5,20260701,sample_0305.npz,990,medium,0.8031413612565445,0.6710411198600175
sparse_unet,random,0.5,20260701,sample_0306.npz,990,medium,0.8147368421052632,0.6873889875666075
sparse_unet,random,0.5,20260701,sample_0307.npz,990,medium,0.7741935483870968,0.631578947368421
sparse_unet,random,0.5,20260701,sample_0308.npz,990,medium,0.7750759878419453,0.6327543424317618
sparse_unet,random,0.5,20260701,sample_0309.npz,990,medium,0.7920489296636085,0.6556962025316456
sparse_unet,random,0.5,20260701,sample_0310.npz,1805,medium,0.685215140731155,0.5211614173228346
sparse_unet,random,0.5,20260701,sample_0311.npz,1805,medium,0.7447670492910196,0.593329747175901
sparse_unet,random,0.5,20260701,sample_0312.npz,1805,medium,0.6657842488418266,0.4990079365079365
sparse_unet,random,0.5,20260701,sample_0313.npz,1805,medium,0.7133105802047781,0.5543766578249337
sparse_unet,random,0.5,20260701,sample_0314.npz,1805,medium,0.7796290474693492,0.6388459556929418
sparse_unet,random,0.5,20260701,sample_0315.npz,1805,medium,0.685595567867036,0.5216016859852476
sparse_unet,random,0.5,20260701,sample_0316.npz,1805,medium,0.7208432505950357,0.5635300372142478
sparse_unet,random,0.5,20260701,sample_0317.npz,1805,medium,0.6991055456171735,0.5374037403740374
sparse_unet,random,0.5,20260701,sample_0318.npz,1805,medium,0.670474830417708,0.5042964554242749
sparse_unet,random,0.5,20260701,sample_0319.npz,1805,medium,0.7129951355107713,0.5539956803455723
sparse_unet,random,0.5,20260701,sample_0320.npz,2045,large,0.7785293475889156,0.6373704894605217
sparse_unet,random,0.5,20260701,sample_0321.npz,2045,large,0.7770673486786018,0.6354130359010108
sparse_unet,random,0.5,20260701,sample_0322.npz,2045,large,0.7920094007050529,0.6556420233463035
sparse_unet,random,0.5,20260701,sample_0323.npz,2045,large,0.7670767925328807,0.6221610461114935
sparse_unet,random,0.5,20260701,sample_0324.npz,2045,large,0.7778255264288784,0.6364275668073136
sparse_unet,random,0.5,20260701,sample_0325.npz,2045,large,0.7919400187441424,0.6555469356089992
sparse_unet,random,0.5,20260701,sample_0326.npz,2045,large,0.7591555364067213,0.6118055555555556
sparse_unet,random,0.5,20260701,sample_0327.npz,2045,large,0.8047755914216228,0.6733259341472438
sparse_unet,random,0.5,20260701,sample_0328.npz,2045,large,0.794092093831451,0.6585014409221902
sparse_unet,random,0.5,20260701,sample_0329.npz,2045,large,0.7780330882352942,0.6367055283941331
sparse_unet,random,0.5,20260701,sample_0330.npz,1112,medium,0.6889818688981869,0.5255319148936171
sparse_unet,random,0.5,20260701,sample_0331.npz,1112,medium,0.6752136752136753,0.5096774193548387
sparse_unet,random,0.5,20260701,sample_0332.npz,1112,medium,0.7203931203931204,0.5629800307219662
sparse_unet,random,0.5,20260701,sample_0333.npz,1112,medium,0.7021466905187835,0.5410062026188835
sparse_unet,random,0.5,20260701,sample_0334.npz,1112,medium,0.6391129032258065,0.4696296296296296
sparse_unet,random,0.5,20260701,sample_0335.npz,1112,medium,0.6412763767370047,0.471969696969697
sparse_unet,random,0.5,20260701,sample_0336.npz,1112,medium,0.7041773231031543,0.5434210526315789
sparse_unet,random,0.5,20260701,sample_0337.npz,1112,medium,0.6545275590551181,0.4864667154352597
sparse_unet,random,0.5,20260701,sample_0338.npz,1112,medium,0.7337388862891905,0.5794530672579453
sparse_unet,random,0.5,20260701,sample_0339.npz,1112,medium,0.6427889207258835,0.4736101337086559
sparse_unet,random,0.5,20260701,sample_0340.npz,894,small,0.6633972358448507,0.4963308872581721
sparse_unet,random,0.5,20260701,sample_0341.npz,894,small,0.6811083123425693,0.5164247517188694
sparse_unet,random,0.5,20260701,sample_0342.npz,894,small,0.6922382671480144,0.5293305728088337
sparse_unet,random,0.5,20260701,sample_0343.npz,894,small,0.678741658722593,0.5137085137085137
sparse_unet,random,0.5,20260701,sample_0344.npz,894,small,0.6469833119383825,0.4781783681214421
sparse_unet,random,0.5,20260701,sample_0345.npz,894,small,0.6834686031610423,0.5191434133679429
sparse_unet,random,0.5,20260701,sample_0346.npz,894,small,0.6511075949367089,0.4826979472140763
sparse_unet,random,0.5,20260701,sample_0347.npz,894,small,0.662608695652174,0.49544863459037713
sparse_unet,random,0.5,20260701,sample_0348.npz,894,small,0.6586102719033232,0.49099099099099097
sparse_unet,random,0.5,20260701,sample_0349.npz,894,small,0.6702613023641643,0.5040548970679976
sparse_unet,random,0.5,20260701,sample_0350.npz,5575,large,0.8763075793723619,0.7798464804834232
sparse_unet,random,0.5,20260701,sample_0351.npz,5575,large,0.8437224777375477,0.72968855788761
sparse_unet,random,0.5,20260701,sample_0352.npz,5575,large,0.8038984051978736,0.6720987654320988
sparse_unet,random,0.5,20260701,sample_0353.npz,5575,large,0.8237941493004598,0.7003826318416236
sparse_unet,random,0.5,20260701,sample_0354.npz,5575,large,0.8489678348535765,0.7375709042375709
sparse_unet,random,0.5,20260701,sample_0355.npz,5575,large,0.8432786885245902,0.7290249433106576
sparse_unet,random,0.5,20260701,sample_0356.npz,5575,large,0.8329758463116665,0.7137605881412817
sparse_unet,random,0.5,20260701,sample_0357.npz,5575,large,0.8586210140156147,0.7522663589912643
sparse_unet,random,0.5,20260701,sample_0358.npz,5575,large,0.8214529497805948,0.6970047989409234
sparse_unet,random,0.5,20260701,sample_0359.npz,5575,large,0.8052175605957363,0.6739449242300798
sparse_unet,random,0.5,20260701,sample_0360.npz,764,small,0.6654478976234004,0.4986301369863014
sparse_unet,random,0.5,20260701,sample_0361.npz,764,small,0.6256706562113082,0.45525525525525523
sparse_unet,random,0.5,20260701,sample_0362.npz,764,small,0.6654205607476635,0.49859943977591037
sparse_unet,random,0.5,20260701,sample_0363.npz,764,small,0.645045045045045,0.47606382978723405
sparse_unet,random,0.5,20260701,sample_0364.npz,764,small,0.6584180291648255,0.49077733860342554
sparse_unet,random,0.5,20260701,sample_0365.npz,764,small,0.6335174953959485,0.4636118598382749
sparse_unet,random,0.5,20260701,sample_0366.npz,764,small,0.6411056620597414,0.4717847769028871
sparse_unet,random,0.5,20260701,sample_0367.npz,764,small,0.6746987951807228,0.509090909090909
sparse_unet,random,0.5,20260701,sample_0368.npz,764,small,0.6787709497206704,0.5137420718816068
sparse_unet,random,0.5,20260701,sample_0369.npz,764,small,0.6346735840899265,0.4648511716276124
sparse_unet,random,0.5,20260701,sample_0370.npz,984,small,0.7782974742750234,0.6370597243491577
sparse_unet,random,0.5,20260701,sample_0371.npz,984,small,0.7819047619047619,0.6419077404222049
sparse_unet,random,0.5,20260701,sample_0372.npz,984,small,0.7859848484848485,0.6474258970358814
sparse_unet,random,0.5,20260701,sample_0373.npz,984,small,0.7575308641975309,0.609697933227345
sparse_unet,random,0.5,20260701,sample_0374.npz,984,small,0.7819123881300047,0.6419180201082754
sparse_unet,random,0.5,20260701,sample_0375.npz,984,small,0.7799811142587346,0.6393188854489165
sparse_unet,random,0.5,20260701,sample_0376.npz,984,small,0.7490875912408759,0.5988329686360321
sparse_unet,random,0.5,20260701,sample_0377.npz,984,small,0.7471317117944011,0.5963369963369963
sparse_unet,random,0.5,20260701,sample_0378.npz,984,small,0.7567075943610733,0.6086320409656182
sparse_unet,random,0.5,20260701,sample_0379.npz,984,small,0.7604214383875401,0.6134515890613451
sparse_unet,random,0.5,20260701,sample_0380.npz,2238,large,0.6794520547945205,0.5145228215767634
sparse_unet,random,0.5,20260701,sample_0381.npz,2238,large,0.6297531687791861,0.4595910418695229
sparse_unet,random,0.5,20260701,sample_0382.npz,2238,large,0.642873484328529,0.473701955495617
sparse_unet,random,0.5,20260701,sample_0383.npz,2238,large,0.7357651245551602,0.5819845179451091
sparse_unet,random,0.5,20260701,sample_0384.npz,2238,large,0.6663495838287753,0.49964336661911557
sparse_unet,random,0.5,20260701,sample_0385.npz,2238,large,0.7295737122557726,0.5742747291156938
sparse_unet,random,0.5,20260701,sample_0386.npz,2238,large,0.667354093627552,0.5007737542556484
sparse_unet,random,0.5,20260701,sample_0387.npz,2238,large,0.6428893905191874,0.4737192282102462
sparse_unet,random,0.5,20260701,sample_0388.npz,2238,large,0.702255327953652,0.5411352040816326
sparse_unet,random,0.5,20260701,sample_0389.npz,2238,large,0.6206149848419229,0.44992150706436423
sparse_unet,random,0.5,20260701,sample_0390.npz,616,small,0.7008849557522124,0.5395095367847411
sparse_unet,random,0.5,20260701,sample_0391.npz,616,small,0.6213965406790519,0.4507434944237918
sparse_unet,random,0.5,20260701,sample_0392.npz,616,small,0.7366638441998307,0.5831099195710456
sparse_unet,random,0.5,20260701,sample_0393.npz,616,small,0.7265100671140939,0.5704874835309618
sparse_unet,random,0.5,20260701,sample_0394.npz,616,small,0.7173396674584323,0.5592592592592592
sparse_unet,random,0.5,20260701,sample_0395.npz,616,small,0.755,0.606425702811245
sparse_unet,random,0.5,20260701,sample_0396.npz,616,small,0.6800364630811303,0.5151933701657458
sparse_unet,random,0.5,20260701,sample_0397.npz,616,small,0.7084927314460597,0.5485781990521327
sparse_unet,random,0.5,20260701,sample_0398.npz,616,small,0.6885536823425022,0.5250338294993234
sparse_unet,random,0.5,20260701,sample_0399.npz,616,small,0.7437874892887746,0.592087312414734
world_unet,random,0.5,20260701,sample_0000.npz,1901,medium,0.7923717432178351,0.6561387900355872
world_unet,random,0.5,20260701,sample_0001.npz,1901,medium,0.7872625100347873,0.6491615180935569
world_unet,random,0.5,20260701,sample_0002.npz,1901,medium,0.7857742929151498,0.647140221402214
world_unet,random,0.5,20260701,sample_0003.npz,1901,medium,0.8033304622451909,0.6713051823416507
world_unet,random,0.5,20260701,sample_0004.npz,1901,medium,0.7926215762996087,0.6564814814814814
world_unet,random,0.5,20260701,sample_0005.npz,1901,medium,0.7602372211239763,0.6132118451025057
world_unet,random,0.5,20260701,sample_0006.npz,1901,medium,0.787209960384833,0.6490900606626225
world_unet,random,0.5,20260701,sample_0007.npz,1901,medium,0.7368998628257888,0.5834057341442224
world_unet,random,0.5,20260701,sample_0008.npz,1901,medium,0.7968538106861948,0.6623083859332732
world_unet,random,0.5,20260701,sample_0009.npz,1901,medium,0.7810055865921788,0.6406966086159487
world_unet,random,0.5,20260701,sample_0010.npz,3931,large,0.9127358490566038,0.8394793926247288
world_unet,random,0.5,20260701,sample_0011.npz,3931,large,0.9093846775279386,0.8338271604938272
world_unet,random,0.5,20260701,sample_0012.npz,3931,large,0.90056134723336,0.8191101385849745
world_unet,random,0.5,20260701,sample_0013.npz,3931,large,0.895371738060069,0.8105638511254736
world_unet,random,0.5,20260701,sample_0014.npz,3931,large,0.9028885113057117,0.822968787228973
world_unet,random,0.5,20260701,sample_0015.npz,3931,large,0.8853398853398854,0.7942689199118296
world_unet,random,0.5,20260701,sample_0016.npz,3931,large,0.8919359218028781,0.8049497672139182
world_unet,random,0.5,20260701,sample_0017.npz,3931,large,0.8801998750780762,0.78603302097278
world_unet,random,0.5,20260701,sample_0018.npz,3931,large,0.9382337927514037,0.8836538461538461
world_unet,random,0.5,20260701,sample_0019.npz,3931,large,0.8903012584212533,0.802290950744559
world_unet,random,0.5,20260701,sample_0020.npz,3610,large,0.760146599701371,0.6130939347492884
world_unet,random,0.5,20260701,sample_0021.npz,3610,large,0.7679779158040028,0.623347524086937
world_unet,random,0.5,20260701,sample_0022.npz,3610,large,0.7444847807874895,0.5929715302491103
world_unet,random,0.5,20260701,sample_0023.npz,3610,large,0.728432651877628,0.5728620296465222
world_unet,random,0.5,20260701,sample_0024.npz,3610,large,0.7304083885209713,0.5753097152792871
world_unet,random,0.5,20260701,sample_0025.npz,3610,large,0.7753846153846153,0.6331658291457286
world_unet,random,0.5,20260701,sample_0026.npz,3610,large,0.75,0.6
world_unet,random,0.5,20260701,sample_0027.npz,3610,large,0.7661574618096357,0.6209523809523809
world_unet,random,0.5,20260701,sample_0028.npz,3610,large,0.7864687792485626,0.6480828558836492
world_unet,random,0.5,20260701,sample_0029.npz,3610,large,0.7045391255917571,0.5438521066208083
world_unet,random,0.5,20260701,sample_0030.npz,3065,large,0.6865733973689706,0.5227344992050874
world_unet,random,0.5,20260701,sample_0031.npz,3065,large,0.7623742851508578,0.6159974506054812
world_unet,random,0.5,20260701,sample_0032.npz,3065,large,0.7446215139442232,0.5931450333227547
world_unet,random,0.5,20260701,sample_0033.npz,3065,large,0.6917922948073701,0.528809218950064
world_unet,random,0.5,20260701,sample_0034.npz,3065,large,0.7383872913734164,0.5852725533949633
world_unet,random,0.5,20260701,sample_0035.npz,3065,large,0.6765442404006677,0.511195206559445
world_unet,random,0.5,20260701,sample_0036.npz,3065,large,0.7292549969715324,0.5738798856053384
world_unet,random,0.5,20260701,sample_0037.npz,3065,large,0.763699961134862,0.6177302734988998
world_unet,random,0.5,20260701,sample_0038.npz,3065,large,0.7693510555121188,0.625158831003812
world_unet,random,0.5,20260701,sample_0039.npz,3065,large,0.80198966902621,0.6694346854040243
world_unet,random,0.5,20260701,sample_0040.npz,1470,medium,0.6323450134770889,0.4623571147024044
world_unet,random,0.5,20260701,sample_0041.npz,1470,medium,0.6438023224412638,0.4747112704101951
world_unet,random,0.5,20260701,sample_0042.npz,1470,medium,0.6394662560944316,0.4700113164843455
world_unet,random,0.5,20260701,sample_0043.npz,1470,medium,0.6605103280680438,0.49310595065312046
world_unet,random,0.5,20260701,sample_0044.npz,1470,medium,0.623140912528359,0.4525814719882827
world_unet,random,0.5,20260701,sample_0045.npz,1470,medium,0.6950146627565983,0.5325842696629214
world_unet,random,0.5,20260701,sample_0046.npz,1470,medium,0.6718226346996649,0.5058229813664596
world_unet,random,0.5,20260701,sample_0047.npz,1470,medium,0.6527742907356264,0.4845322400298174
world_unet,random,0.5,20260701,sample_0048.npz,1470,medium,0.6877332669818362,0.5240803943875616
world_unet,random,0.5,20260701,sample_0049.npz,1470,medium,0.6967391304347826,0.5346121768140116
world_unet,random,0.5,20260701,sample_0050.npz,5703,large,0.8461608525366608,0.7333438585412062
world_unet,random,0.5,20260701,sample_0051.npz,5703,large,0.8471751671092391,0.7348689436060365
world_unet,random,0.5,20260701,sample_0052.npz,5703,large,0.8628858578607322,0.7588383838383839
world_unet,random,0.5,20260701,sample_0053.npz,5703,large,0.8556953179594688,0.7477862595419847
world_unet,random,0.5,20260701,sample_0054.npz,5703,large,0.8476858345021038,0.7356377799415774
world_unet,random,0.5,20260701,sample_0055.npz,5703,large,0.8484629946813306,0.7368091435728824
world_unet,random,0.5,20260701,sample_0056.npz,5703,large,0.8579961987510182,0.7513076557299097
world_unet,random,0.5,20260701,sample_0057.npz,5703,large,0.8392904893484268,0.7230840116725541
world_unet,random,0.5,20260701,sample_0058.npz,5703,large,0.8607120549656465,0.7554824561403509
world_unet,random,0.5,20260701,sample_0059.npz,5703,large,0.8580912863070539,0.751453488372093
world_unet,random,0.5,20260701,sample_0060.npz,1619,medium,0.7494428525947151,0.5992871690427699
world_unet,random,0.5,20260701,sample_0061.npz,1619,medium,0.7748104187273327,0.6324004305705059
world_unet,random,0.5,20260701,sample_0062.npz,1619,medium,0.7806814422758849,0.6402604449267498
world_unet,random,0.5,20260701,sample_0063.npz,1619,medium,0.7745779543197616,0.6320907617504052
world_unet,random,0.5,20260701,sample_0064.npz,1619,medium,0.7901399067288475,0.6530837004405287
world_unet,random,0.5,20260701,sample_0065.npz,1619,medium,0.7586878856771679,0.6111983254840397
world_unet,random,0.5,20260701,sample_0066.npz,1619,medium,0.7577720207253886,0.6100104275286757
world_unet,random,0.5,20260701,sample_0067.npz,1619,medium,0.7522407170294494,0.6028732683427399
world_unet,random,0.5,20260701,sample_0068.npz,1619,medium,0.7586206896551724,0.6111111111111112
world_unet,random,0.5,20260701,sample_0069.npz,1619,medium,0.7353689567430025,0.5814889336016097
world_unet,random,0.5,20260701,sample_0070.npz,3556,large,0.7483316031440012,0.5978672985781991
world_unet,random,0.5,20260701,sample_0071.npz,3556,large,0.7377198302001213,0.5844343021859236
world_unet,random,0.5,20260701,sample_0072.npz,3556,large,0.7756869772998806,0.6335691632105391
world_unet,random,0.5,20260701,sample_0073.npz,3556,large,0.7522800823771697,0.6029238387172836
world_unet,random,0.5,20260701,sample_0074.npz,3556,large,0.7724425887265136,0.6292517006802721
world_unet,random,0.5,20260701,sample_0075.npz,3556,large,0.7781447012909036,0.6368550368550369
world_unet,random,0.5,20260701,sample_0076.npz,3556,large,0.7490942028985508,0.5988414192614048
world_unet,random,0.5,20260701,sample_0077.npz,3556,large,0.7741241548862938,0.6314865881173226
world_unet,random,0.5,20260701,sample_0078.npz,3556,large,0.7718869365928189,0.6285145558596665
world_unet,random,0.5,20260701,sample_0079.npz,3556,large,0.760790273556231,0.6139318126073093
world_unet,random,0.5,20260701,sample_0080.npz,3899,large,0.5910800644814616,0.41952707856598015
world_unet,random,0.5,20260701,sample_0081.npz,3899,large,0.6384590055976292,0.46892382103990327
world_unet,random,0.5,20260701,sample_0082.npz,3899,large,0.573629837156365,0.40216056960471397
world_unet,random,0.5,20260701,sample_0083.npz,3899,large,0.6249153689911984,0.4544559330379124
world_unet,random,0.5,20260701,sample_0084.npz,3899,large,0.5128398791540786,0.3448450990350432
world_unet,random,0.5,20260701,sample_0085.npz,3899,large,0.590203939341119,0.4186449060336301
world_unet,random,0.5,20260701,sample_0086.npz,3899,large,0.508002259461495,0.3404846037354871
world_unet,random,0.5,20260701,sample_0087.npz,3899,large,0.5311982330204307,0.36165413533834584
world_unet,random,0.5,20260701,sample_0088.npz,3899,large,0.622394913458142,0.4517948717948718
world_unet,random,0.5,20260701,sample_0089.npz,3899,large,0.6206777911577499,0.4499875280618608
world_unet,random,0.5,20260701,sample_0090.npz,1153,medium,0.8131705512393637,0.6851620947630923
world_unet,random,0.5,20260701,sample_0091.npz,1153,medium,0.8127313101406366,0.6845386533665836
world_unet,random,0.5,20260701,sample_0092.npz,1153,medium,0.836687306501548,0.7192282102461743
world_unet,random,0.5,20260701,sample_0093.npz,1153,medium,0.831320607713284,0.7113333333333334
world_unet,random,0.5,20260701,sample_0094.npz,1153,medium,0.8066465256797583,0.6759493670886076
world_unet,random,0.5,20260701,sample_0095.npz,1153,medium,0.8432055749128919,0.7289156626506024
world_unet,random,0.5,20260701,sample_0096.npz,1153,medium,0.830130668716372,0.709592641261498
world_unet,random,0.5,20260701,sample_0097.npz,1153,medium,0.8313208927918039,0.7113337507827175
world_unet,random,0.5,20260701,sample_0098.npz,1153,medium,0.7832422586520947,0.6437125748502994
world_unet,random,0.5,20260701,sample_0099.npz,1153,medium,0.8465690053970701,0.733957219251337
world_unet,random,0.5,20260701,sample_0100.npz,1180,medium,0.7137254901960784,0.5548780487804879
world_unet,random,0.5,20260701,sample_0101.npz,1180,medium,0.8242233582383012,0.7010033444816054
world_unet,random,0.5,20260701,sample_0102.npz,1180,medium,0.7571115973741794,0.6091549295774648
world_unet,random,0.5,20260701,sample_0103.npz,1180,medium,0.7962737950587282,0.6615074024226111
world_unet,random,0.5,20260701,sample_0104.npz,1180,medium,0.7603191120360735,0.6133184107442641
world_unet,random,0.5,20260701,sample_0105.npz,1180,medium,0.7589588834402112,0.6115501519756839
world_unet,random,0.5,20260701,sample_0106.npz,1180,medium,0.7460992907801418,0.5950226244343891
world_unet,random,0.5,20260701,sample_0107.npz,1180,medium,0.7885174418604651,0.650869826034793
world_unet,random,0.5,20260701,sample_0108.npz,1180,medium,0.7625272331154684,0.6161971830985915
world_unet,random,0.5,20260701,sample_0109.npz,1180,medium,0.7849906191369606,0.6460778258184064
world_unet,random,0.5,20260701,sample_0110.npz,548,small,0.820215410107705,0.6952247191011236
world_unet,random,0.5,20260701,sample_0111.npz,548,small,0.6013229104028863,0.4299226139294927
world_unet,random,0.5,20260701,sample_0112.npz,548,small,0.47340165934602246,0.3101023017902813
world_unet,random,0.5,20260701,sample_0113.npz,548,small,0.41971693509028796,0.2655960469425571
world_unet,random,0.5,20260701,sample_0114.npz,548,small,0.5182277061132922,0.34973504920514764
world_unet,random,0.5,20260701,sample_0115.npz,548,small,0.9206963249516441,0.8530465949820788
world_unet,random,0.5,20260701,sample_0116.npz,548,small,0.6555323590814196,0.48757763975155277
world_unet,random,0.5,20260701,sample_0117.npz,548,small,0.7516981132075472,0.6021765417170496
world_unet,random,0.5,20260701,sample_0118.npz,548,small,0.5121681415929203,0.3442379182156134
world_unet,random,0.5,20260701,sample_0119.npz,548,small,0.3658940397350993,0.22391084093211752
world_unet,random,0.5,20260701,sample_0120.npz,1680,medium,0.5571428571428572,0.38613861386138615
world_unet,random,0.5,20260701,sample_0121.npz,1680,medium,0.5685814771395076,0.3972153972153972
world_unet,random,0.5,20260701,sample_0122.npz,1680,medium,0.6818323465253974,0.51725768321513
world_unet,random,0.5,20260701,sample_0123.npz,1680,medium,0.7401211421978656,0.5874542124542125
world_unet,random,0.5,20260701,sample_0124.npz,1680,medium,0.6459166190748143,0.477013918177984
world_unet,random,0.5,20260701,sample_0125.npz,1680,medium,0.6226838854576081,0.45209947003668977
world_unet,random,0.5,20260701,sample_0126.npz,1680,medium,0.5435637998875773,0.37321497491316097
world_unet,random,0.5,20260701,sample_0127.npz,1680,medium,0.6188500296384114,0.448068669527897
world_unet,random,0.5,20260701,sample_0128.npz,1680,medium,0.7852222917971196,0.6463917525773196
world_unet,random,0.5,20260701,sample_0129.npz,1680,medium,0.6261558784676354,0.45576923076923076
world_unet,random,0.5,20260701,sample_0130.npz,1109,medium,0.7943089430894309,0.6587997302764667
world_unet,random,0.5,20260701,sample_0131.npz,1109,medium,0.8023715415019763,0.66996699669967
world_unet,random,0.5,20260701,sample_0132.npz,1109,medium,0.7767369242779079,0.6349712827058073
world_unet,random,0.5,20260701,sample_0133.npz,1109,medium,0.7947932618683001,0.6594663278271918
world_unet,random,0.5,20260701,sample_0134.npz,1109,medium,0.7661884451337728,0.6209930861093652
world_unet,random,0.5,20260701,sample_0135.npz,1109,medium,0.8357963875205254,0.7179125528913963
world_unet,random,0.5,20260701,sample_0136.npz,1109,medium,0.7898773006134969,0.6527249683143219
world_unet,random,0.5,20260701,sample_0137.npz,1109,medium,0.7510316368638239,0.6013215859030837
world_unet,random,0.5,20260701,sample_0138.npz,1109,medium,0.8278418451400329,0.7062543921293043
world_unet,random,0.5,20260701,sample_0139.npz,1109,medium,0.7886022333461686,0.6509853782581055
world_unet,random,0.5,20260701,sample_0140.npz,452,small,0.33676975945017185,0.2024793388429752
world_unet,random,0.5,20260701,sample_0141.npz,452,small,0.3273495248152059,0.19570707070707072
world_unet,random,0.5,20260701,sample_0142.npz,452,small,0.2963709677419355,0.1739644970414201
world_unet,random,0.5,20260701,sample_0143.npz,452,small,0.358974358974359,0.21875
world_unet,random,0.5,20260701,sample_0144.npz,452,small,0.1926605504587156,0.1065989847715736
world_unet,random,0.5,20260701,sample_0145.npz,452,small,0.336,0.20192307692307693
world_unet,random,0.5,20260701,sample_0146.npz,452,small,0.3230769230769231,0.1926605504587156
world_unet,random,0.5,20260701,sample_0147.npz,452,small,0.32096069868995636,0.19115734720416125
world_unet,random,0.5,20260701,sample_0148.npz,452,small,0.33793103448275863,0.2033195020746888
world_unet,random,0.5,20260701,sample_0149.npz,452,small,0.37404580152671757,0.2300469483568075
world_unet,random,0.5,20260701,sample_0150.npz,797,small,0.7815414825724104,0.6414182111200645
world_unet,random,0.5,20260701,sample_0151.npz,797,small,0.7919254658385093,0.6555269922879178
world_unet,random,0.5,20260701,sample_0152.npz,797,small,0.7617224880382775,0.615146831530139
world_unet,random,0.5,20260701,sample_0153.npz,797,small,0.775049115913556,0.6327185244587009
world_unet,random,0.5,20260701,sample_0154.npz,797,small,0.7758705247670427,0.6338141025641025
world_unet,random,0.5,20260701,sample_0155.npz,797,small,0.7850655903128153,0.6461794019933554
world_unet,random,0.5,20260701,sample_0156.npz,797,small,0.8205399682371625,0.6956912028725314
world_unet,random,0.5,20260701,sample_0157.npz,797,small,0.7844914400805639,0.6454018227009114
world_unet,random,0.5,20260701,sample_0158.npz,797,small,0.8158168574401665,0.6889279437609842
world_unet,random,0.5,20260701,sample_0159.npz,797,small,0.7942681678607983,0.6587436332767402
world_unet,random,0.5,20260701,sample_0160.npz,457,small,0.7422402159244265,0.5901287553648069
world_unet,random,0.5,20260701,sample_0161.npz,457,small,0.7117726657645467,0.5525210084033614
world_unet,random,0.5,20260701,sample_0162.npz,457,small,0.7709923664122137,0.6273291925465838
world_unet,random,0.5,20260701,sample_0163.npz,457,small,0.7447916666666666,0.5933609958506224
world_unet,random,0.5,20260701,sample_0164.npz,457,small,0.731585518102372,0.5767716535433071
world_unet,random,0.5,20260701,sample_0165.npz,457,small,0.7329842931937173,0.5785123966942148
world_unet,random,0.5,20260701,sample_0166.npz,457,small,0.7376830892143809,0.5843881856540084
world_unet,random,0.5,20260701,sample_0167.npz,457,small,0.7426376440460948,0.5906313645621182
world_unet,random,0.5,20260701,sample_0168.npz,457,small,0.712401055408971,0.5532786885245902
world_unet,random,0.5,20260701,sample_0169.npz,457,small,0.734375,0.5802469135802469
world_unet,random,0.5,20260701,sample_0170.npz,993,medium,0.5611754732975417,0.39002356637863317
world_unet,random,0.5,20260701,sample_0171.npz,993,medium,0.6227657572906867,0.4521857923497268
world_unet,random,0.5,20260701,sample_0172.npz,993,medium,0.6081606217616581,0.43694741740344345
world_unet,random,0.5,20260701,sample_0173.npz,993,medium,0.6375601926163724,0.46795475966069744
world_unet,random,0.5,20260701,sample_0174.npz,993,medium,0.6349104859335039,0.46510538641686183
world_unet,random,0.5,20260701,sample_0175.npz,993,medium,0.6097635861221984,0.4386042402826855
world_unet,random,0.5,20260701,sample_0176.npz,993,medium,0.5805506736965437,0.40899711101939745
world_unet,random,0.5,20260701,sample_0177.npz,993,medium,0.5982747997535428,0.4268131868131868
world_unet,random,0.5,20260701,sample_0178.npz,993,medium,0.6220948742438713,0.45147874306839186
world_unet,random,0.5,20260701,sample_0179.npz,993,medium,0.5795654726952437,0.40801984291029353
world_unet,random,0.5,20260701,sample_0180.npz,704,small,0.7129337539432177,0.553921568627451
world_unet,random,0.5,20260701,sample_0181.npz,704,small,0.7031390134529149,0.5421853388658368
world_unet,random,0.5,20260701,sample_0182.npz,704,small,0.735973597359736,0.5822454308093995
world_unet,random,0.5,20260701,sample_0183.npz,704,small,0.6697459584295612,0.5034722222222222
world_unet,random,0.5,20260701,sample_0184.npz,704,small,0.6948941469489415,0.5324427480916031
world_unet,random,0.5,20260701,sample_0185.npz,704,small,0.4633077765607886,0.3014967925873129
world_unet,random,0.5,20260701,sample_0186.npz,704,small,0.6280623608017817,0.4577922077922078
world_unet,random,0.5,20260701,sample_0187.npz,704,small,0.7943485086342229,0.6588541666666666
world_unet,random,0.5,20260701,sample_0188.npz,704,small,0.7750410509031199,0.6327077747989276
world_unet,random,0.5,20260701,sample_0189.npz,704,small,0.6306695464362851,0.4605678233438486
world_unet,random,0.5,20260701,sample_0190.npz,2309,large,0.6933333333333334,0.5306122448979592
world_unet,random,0.5,20260701,sample_0191.npz,2309,large,0.6721516723305312,0.5061961206896551
world_unet,random,0.5,20260701,sample_0192.npz,2309,large,0.6808943089430894,0.5161787365177196
world_unet,random,0.5,20260701,sample_0193.npz,2309,large,0.680298719772404,0.5154944758825114
world_unet,random,0.5,20260701,sample_0194.npz,2309,large,0.7013708781030011,0.5400855920114123
world_unet,random,0.5,20260701,sample_0195.npz,2309,large,0.7649208282582217,0.6193293885601578
world_unet,random,0.5,20260701,sample_0196.npz,2309,large,0.6835644827036506,0.5192540566723177
world_unet,random,0.5,20260701,sample_0197.npz,2309,large,0.7560975609756098,0.6078431372549019
world_unet,random,0.5,20260701,sample_0198.npz,2309,large,0.718,0.5600624024960998
world_unet,random,0.5,20260701,sample_0199.npz,2309,large,0.6737030411449016,0.5079579174534664
world_unet,random,0.5,20260701,sample_0200.npz,2380,large,0.8007619047619048,0.667725540025413
world_unet,random,0.5,20260701,sample_0201.npz,2380,large,0.7681801402731635,0.6236140245729698
world_unet,random,0.5,20260701,sample_0202.npz,2380,large,0.7407407407407407,0.5882352941176471
world_unet,random,0.5,20260701,sample_0203.npz,2380,large,0.7286309937456567,0.57310740639519
world_unet,random,0.5,20260701,sample_0204.npz,2380,large,0.7534516765285996,0.6044303797468354
world_unet,random,0.5,20260701,sample_0205.npz,2380,large,0.7691116702148248,0.6248427672955975
world_unet,random,0.5,20260701,sample_0206.npz,2380,large,0.7523236741388737,0.6029798422436459
world_unet,random,0.5,20260701,sample_0207.npz,2380,large,0.7913696782893469,0.6547656997131017
world_unet,random,0.5,20260701,sample_0208.npz,2380,large,0.8075296108291032,0.6771904930826534
world_unet,random,0.5,20260701,sample_0209.npz,2380,large,0.81790820165538,0.6919159770846595
world_unet,random,0.5,20260701,sample_0210.npz,955,small,0.6276190476190476,0.4573213046495489
world_unet,random,0.5,20260701,sample_0211.npz,955,small,0.587037037037037,0.41546526867627787
world_unet,random,0.5,20260701,sample_0212.npz,955,small,0.586063682510383,0.41449086161879894
world_unet,random,0.5,20260701,sample_0213.npz,955,small,0.60549558390579,0.434201266713582
world_unet,random,0.5,20260701,sample_0214.npz,955,small,0.5952269536733739,0.42371752165223187
world_unet,random,0.5,20260701,sample_0215.npz,955,small,0.5786492374727669,0.4071122011036174
world_unet,random,0.5,20260701,sample_0216.npz,955,small,0.6229508196721312,0.4523809523809524
world_unet,random,0.5,20260701,sample_0217.npz,955,small,0.6551724137931034,0.48717948717948717
world_unet,random,0.5,20260701,sample_0218.npz,955,small,0.6123876123876124,0.44132469402447805
world_unet,random,0.5,20260701,sample_0219.npz,955,small,0.5819742489270386,0.41041162227602906
world_unet,random,0.5,20260701,sample_0220.npz,383,small,0.6680121089808274,0.5015151515151515
world_unet,random,0.5,20260701,sample_0221.npz,383,small,0.8870292887029289,0.7969924812030075
world_unet,random,0.5,20260701,sample_0222.npz,383,small,0.6696935300794552,0.5034129692832765
world_unet,random,0.5,20260701,sample_0223.npz,383,small,0.5503731343283582,0.37966537966537967
world_unet,random,0.5,20260701,sample_0224.npz,383,small,0.7884892086330936,0.6508313539192399
world_unet,random,0.5,20260701,sample_0225.npz,383,small,0.5723524656426839,0.40090600226500567
world_unet,random,0.5,20260701,sample_0226.npz,383,small,0.7368421052631579,0.5833333333333334
world_unet,random,0.5,20260701,sample_0227.npz,383,small,0.6786034019695614,0.513550135501355
world_unet,random,0.5,20260701,sample_0228.npz,383,small,0.5990016638935108,0.42755344418052255
world_unet,random,0.5,20260701,sample_0229.npz,383,small,0.7838214783821479,0.6444954128440367
world_unet,random,0.5,20260701,sample_0230.npz,817,small,0.7365079365079366,0.5829145728643216
world_unet,random,0.5,20260701,sample_0231.npz,817,small,0.6060830860534124,0.4348057477381586
world_unet,random,0.5,20260701,sample_0232.npz,817,small,0.6545893719806763,0.4865350089766607
world_unet,random,0.5,20260701,sample_0233.npz,817,small,0.6612707405908539,0.4939540507859734
world_unet,random,0.5,20260701,sample_0234.npz,817,small,0.6623429266315363,0.4951515151515152
world_unet,random,0.5,20260701,sample_0235.npz,817,small,0.7323436797121008,0.5777146912704045
world_unet,random,0.5,20260701,sample_0236.npz,817,small,0.6229508196721312,0.4523809523809524
world_unet,random,0.5,20260701,sample_0237.npz,817,small,0.7101005684302579,0.5505084745762712
world_unet,random,0.5,20260701,sample_0238.npz,817,small,0.6757990867579908,0.5103448275862069
world_unet,random,0.5,20260701,sample_0239.npz,817,small,0.6877370417193426,0.5240847784200385
world_unet,random,0.5,20260701,sample_0240.npz,1951,medium,0.8294267811557205,0.7085646312450437
world_unet,random,0.5,20260701,sample_0241.npz,1951,medium,0.8527245949926362,0.7432605905006419
world_unet,random,0.5,20260701,sample_0242.npz,1951,medium,0.86940780967158,0.7689844464775847
world_unet,random,0.5,20260701,sample_0243.npz,1951,medium,0.8424639580602883,0.7278079710144928
world_unet,random,0.5,20260701,sample_0244.npz,1951,medium,0.8526863084922011,0.743202416918429
world_unet,random,0.5,20260701,sample_0245.npz,1951,medium,0.7439171284027946,0.5922516302263138
world_unet,random,0.5,20260701,sample_0246.npz,1951,medium,0.8271334792122538,0.7052238805970149
world_unet,random,0.5,20260701,sample_0247.npz,1951,medium,0.8597748208802457,0.7540394973070018
world_unet,random,0.5,20260701,sample_0248.npz,1951,medium,0.7430181911350243,0.591112922951488
world_unet,random,0.5,20260701,sample_0249.npz,1951,medium,0.8561571125265393,0.748491879350348
world_unet,random,0.5,20260701,sample_0250.npz,3829,large,0.798154555940023,0.6641074856046065
world_unet,random,0.5,20260701,sample_0251.npz,3829,large,0.7850548182342758,0.6461648064592733
world_unet,random,0.5,20260701,sample_0252.npz,3829,large,0.7767705382436261,0.635016211208893
world_unet,random,0.5,20260701,sample_0253.npz,3829,large,0.7574741140440426,0.60962441314554
world_unet,random,0.5,20260701,sample_0254.npz,3829,large,0.7986434930055109,0.6647847565278758
world_unet,random,0.5,20260701,sample_0255.npz,3829,large,0.8043151713778506,0.6726815897670169
world_unet,random,0.5,20260701,sample_0256.npz,3829,large,0.7867530597552196,0.6484690244481367
world_unet,random,0.5,20260701,sample_0257.npz,3829,large,0.8135495909286637,0.6857004597144931
world_unet,random,0.5,20260701,sample_0258.npz,3829,large,0.8039163799947076,0.6721238938053097
world_unet,random,0.5,20260701,sample_0259.npz,3829,large,0.8067563698826223,0.6761036468330134
world_unet,random,0.5,20260701,sample_0260.npz,1968,medium,0.3334162727046529,0.20005971931919977
world_unet,random,0.5,20260701,sample_0261.npz,1968,medium,0.40752989061307554,0.25591054313099043
world_unet,random,0.5,20260701,sample_0262.npz,1968,medium,0.3803245436105477,0.234815278647464
world_unet,random,0.5,20260701,sample_0263.npz,1968,medium,0.3912285073511089,0.24318463444857497
world_unet,random,0.5,20260701,sample_0264.npz,1968,medium,0.3743128435782109,0.23024900092222564
world_unet,random,0.5,20260701,sample_0265.npz,1968,medium,0.33755903554561273,0.20305023923444976
world_unet,random,0.5,20260701,sample_0266.npz,1968,medium,0.3585323811868998,0.21842184218421842
world_unet,random,0.5,20260701,sample_0267.npz,1968,medium,0.37462981243830207,0.23048891588217432
world_unet,random,0.5,20260701,sample_0268.npz,1968,medium,0.36816720257234725,0.22561576354679802
world_unet,random,0.5,20260701,sample_0269.npz,1968,medium,0.3635374149659864,0.22214832058530096
world_unet,random,0.5,20260701,sample_0270.npz,368,small,0.7782608695652173,0.6370106761565836
world_unet,random,0.5,20260701,sample_0271.npz,368,small,0.8599269183922046,0.7542735042735043
world_unet,random,0.5,20260701,sample_0272.npz,368,small,0.8186046511627907,0.6929133858267716
world_unet,random,0.5,20260701,sample_0273.npz,368,small,0.8554070473876063,0.7473460721868365
world_unet,random,0.5,20260701,sample_0274.npz,368,small,0.8301886792452831,0.7096774193548387
world_unet,random,0.5,20260701,sample_0275.npz,368,small,0.8745341614906832,0.7770419426048565
world_unet,random,0.5,20260701,sample_0276.npz,368,small,0.8872180451127819,0.7972972972972973
world_unet,random,0.5,20260701,sample_0277.npz,368,small,0.7767195767195767,0.6349480968858131
world_unet,random,0.5,20260701,sample_0278.npz,368,small,0.8524970963995354,0.742914979757085
world_unet,random,0.5,20260701,sample_0279.npz,368,small,0.8762626262626263,0.7797752808988764
world_unet,random,0.5,20260701,sample_0280.npz,595,small,0.6934673366834171,0.5307692307692308
world_unet,random,0.5,20260701,sample_0281.npz,595,small,0.6976744186046512,0.5357142857142857
world_unet,random,0.5,20260701,sample_0282.npz,595,small,0.6799601196410767,0.5151057401812689
world_unet,random,0.5,20260701,sample_0283.npz,595,small,0.6732673267326733,0.5074626865671642
world_unet,random,0.5,20260701,sample_0284.npz,595,small,0.6368260427263479,0.4671641791044776
world_unet,random,0.5,20260701,sample_0285.npz,595,small,0.6719840478564307,0.506006006006006
world_unet,random,0.5,20260701,sample_0286.npz,595,small,0.6773584905660377,0.5121255349500713
world_unet,random,0.5,20260701,sample_0287.npz,595,small,0.6726013847675568,0.5067064083457526
world_unet,random,0.5,20260701,sample_0288.npz,595,small,0.6714876033057852,0.505443234836703
world_unet,random,0.5,20260701,sample_0289.npz,595,small,0.6754832146490336,0.5099846390168971
world_unet,random,0.5,20260701,sample_0290.npz,2717,large,0.654645058205889,0.4865965388530709
world_unet,random,0.5,20260701,sample_0291.npz,2717,large,0.5639520665199316,0.3927111716621253
world_unet,random,0.5,20260701,sample_0292.npz,2717,large,0.4533333333333333,0.29310344827586204
world_unet,random,0.5,20260701,sample_0293.npz,2717,large,0.4383705650459921,0.280713564456412
world_unet,random,0.5,20260701,sample_0294.npz,2717,large,0.5549302666992905,0.38401625465628175
world_unet,random,0.5,20260701,sample_0295.npz,2717,large,0.5586536046219542,0.3875914952945277
world_unet,random,0.5,20260701,sample_0296.npz,2717,large,0.44110544674000535,0.28296041308089503
world_unet,random,0.5,20260701,sample_0297.npz,2717,large,0.6485985638174658,0.4799451491258142
world_unet,random,0.5,20260701,sample_0298.npz,2717,large,0.6462962962962963,0.4774281805745554
world_unet,random,0.5,20260701,sample_0299.npz,2717,large,0.5119203563007597,0.34401408450704224
world_unet,random,0.5,20260701,sample_0300.npz,990,medium,0.8284566838783706,0.7071498530852106
world_unet,random,0.5,20260701,sample_0301.npz,990,medium,0.8547201808931599,0.7462981243830207
world_unet,random,0.5,20260701,sample_0302.npz,990,medium,0.8541089566020313,0.7453666398066076
world_unet,random,0.5,20260701,sample_0303.npz,990,medium,0.8263529411764706,0.7040898155573376
world_unet,random,0.5,20260701,sample_0304.npz,990,medium,0.8505481823427582,0.7399598393574297
world_unet,random,0.5,20260701,sample_0305.npz,990,medium,0.8145968216597999,0.6871896722939425
world_unet,random,0.5,20260701,sample_0306.npz,990,medium,0.8071593533487298,0.6766698935140368
world_unet,random,0.5,20260701,sample_0307.npz,990,medium,0.8302726766833611,0.7098001902949572
world_unet,random,0.5,20260701,sample_0308.npz,990,medium,0.8590986879634912,0.753
world_unet,random,0.5,20260701,sample_0309.npz,990,medium,0.8618843683083511,0.7572906867356538
world_unet,random,0.5,20260701,sample_0310.npz,1805,medium,0.7702790395846852,0.6263852242744063
world_unet,random,0.5,20260701,sample_0311.npz,1805,medium,0.7301688435807582,0.5750125439036629
world_unet,random,0.5,20260701,sample_0312.npz,1805,medium,0.8107049608355091,0.681668496158068
world_unet,random,0.5,20260701,sample_0313.npz,1805,medium,0.7487144326362701,0.5983561643835617
world_unet,random,0.5,20260701,sample_0314.npz,1805,medium,0.8274967574578469,0.7057522123893806
world_unet,random,0.5,20260701,sample_0315.npz,1805,medium,0.7794580970384373,0.638616417139907
world_unet,random,0.5,20260701,sample_0316.npz,1805,medium,0.7664141414141414,0.6212896622313203
world_unet,random,0.5,20260701,sample_0317.npz,1805,medium,0.7028386633129716,0.5418282548476454
world_unet,random,0.5,20260701,sample_0318.npz,1805,medium,0.8089739359947212,0.679224376731302
world_unet,random,0.5,20260701,sample_0319.npz,1805,medium,0.6916329284750338,0.5286230015471892
world_unet,random,0.5,20260701,sample_0320.npz,2045,large,0.8542094455852156,0.7455197132616488
world_unet,random,0.5,20260701,sample_0321.npz,2045,large,0.8244773519163763,0.7013708781030011
world_unet,random,0.5,20260701,sample_0322.npz,2045,large,0.8371780515117582,0.7199537750385208
world_unet,random,0.5,20260701,sample_0323.npz,2045,large,0.8465157965494062,0.7338772338772339
world_unet,random,0.5,20260701,sample_0324.npz,2045,large,0.8582677165354331,0.7517241379310344
world_unet,random,0.5,20260701,sample_0325.npz,2045,large,0.8501362397820164,0.7393364928909952
world_unet,random,0.5,20260701,sample_0326.npz,2045,large,0.8470535312640576,0.7346859149434257
world_unet,random,0.5,20260701,sample_0327.npz,2045,large,0.8524069028156221,0.742777997625643
world_unet,random,0.5,20260701,sample_0328.npz,2045,large,0.8753228457384362,0.7782881002087683
world_unet,random,0.5,20260701,sample_0329.npz,2045,large,0.811191798376762,0.6823571685231764
world_unet,random,0.5,20260701,sample_0330.npz,1112,medium,0.5632881830920131,0.3920676202860858
world_unet,random,0.5,20260701,sample_0331.npz,1112,medium,0.6040345821325649,0.43270024772914945
world_unet,random,0.5,20260701,sample_0332.npz,1112,medium,0.730457069628364,0.5753701211305519
world_unet,random,0.5,20260701,sample_0333.npz,1112,medium,0.6283891547049442,0.45813953488372094
world_unet,random,0.5,20260701,sample_0334.npz,1112,medium,0.7991111111111111,0.6654330125832717
world_unet,random,0.5,20260701,sample_0335.npz,1112,medium,0.7646270656543099,0.618944323933478
world_unet,random,0.5,20260701,sample_0336.npz,1112,medium,0.5922516302263138,0.420708446866485
world_unet,random,0.5,20260701,sample_0337.npz,1112,medium,0.7366878358573522,0.5831399845320959
world_unet,random,0.5,20260701,sample_0338.npz,1112,medium,0.738819320214669,0.5858156028368794
world_unet,random,0.5,20260701,sample_0339.npz,1112,medium,0.7920416864045476,0.6556862745098039
world_unet,random,0.5,20260701,sample_0340.npz,894,small,0.6336522228474958,0.46375617792421747
world_unet,random,0.5,20260701,sample_0341.npz,894,small,0.7432905484247374,0.5914577530176416
world_unet,random,0.5,20260701,sample_0342.npz,894,small,0.7859608745684695,0.64739336492891
world_unet,random,0.5,20260701,sample_0343.npz,894,small,0.7074829931972789,0.5473684210526316
world_unet,random,0.5,20260701,sample_0344.npz,894,small,0.6711051930758988,0.5050100200400801
world_unet,random,0.5,20260701,sample_0345.npz,894,small,0.7206329884357882,0.5632730732635585
world_unet,random,0.5,20260701,sample_0346.npz,894,small,0.7187839305103149,0.5610169491525424
world_unet,random,0.5,20260701,sample_0347.npz,894,small,0.7361563517915309,0.5824742268041238
world_unet,random,0.5,20260701,sample_0348.npz,894,small,0.7588075880758808,0.611353711790393
world_unet,random,0.5,20260701,sample_0349.npz,894,small,0.7638453500522466,0.6179205409974641
world_unet,random,0.5,20260701,sample_0350.npz,5575,large,0.8433925049309665,0.7291950886766713
world_unet,random,0.5,20260701,sample_0351.npz,5575,large,0.7732057416267942,0.6302652106084243
world_unet,random,0.5,20260701,sample_0352.npz,5575,large,0.7644189991518235,0.6186717007036211
world_unet,random,0.5,20260701,sample_0353.npz,5575,large,0.7558330594807755,0.6075013206550449
world_unet,random,0.5,20260701,sample_0354.npz,5575,large,0.7335924486396447,0.5792704314275693
world_unet,random,0.5,20260701,sample_0355.npz,5575,large,0.7639354908539885,0.6180385288966725
world_unet,random,0.5,20260701,sample_0356.npz,5575,large,0.8281947261663286,0.7067682187986845
world_unet,random,0.5,20260701,sample_0357.npz,5575,large,0.7800042185192997,0.6393499308437067
world_unet,random,0.5,20260701,sample_0358.npz,5575,large,0.8125128205128205,0.6842287096216964
world_unet,random,0.5,20260701,sample_0359.npz,5575,large,0.7533173809005873,0.6042575466759728
world_unet,random,0.5,20260701,sample_0360.npz,764,small,0.4771197846567968,0.31330092797171893
world_unet,random,0.5,20260701,sample_0361.npz,764,small,0.5742171614477429,0.4027381631488876
world_unet,random,0.5,20260701,sample_0362.npz,764,small,0.44140127388535033,0.28320392317123005
world_unet,random,0.5,20260701,sample_0363.npz,764,small,0.6359908883826879,0.46626586506346024
world_unet,random,0.5,20260701,sample_0364.npz,764,small,0.623731804146449,0.4532051282051282
world_unet,random,0.5,20260701,sample_0365.npz,764,small,0.5901224145208949,0.418562874251497
world_unet,random,0.5,20260701,sample_0366.npz,764,small,0.6079295154185022,0.43670886075949367
world_unet,random,0.5,20260701,sample_0367.npz,764,small,0.5184094256259205,0.3499005964214712
world_unet,random,0.5,20260701,sample_0368.npz,764,small,0.694831013916501,0.5323686214775324
world_unet,random,0.5,20260701,sample_0369.npz,764,small,0.5437352245862884,0.37337662337662336
world_unet,random,0.5,20260701,sample_0370.npz,984,small,0.713953488372093,0.5551537070524413
world_unet,random,0.5,20260701,sample_0371.npz,984,small,0.8062764031382016,0.6754297269969667
world_unet,random,0.5,20260701,sample_0372.npz,984,small,0.7593984962406015,0.6121212121212121
world_unet,random,0.5,20260701,sample_0373.npz,984,small,0.7922471229557844,0.6559679037111334
world_unet,random,0.5,20260701,sample_0374.npz,984,small,0.7829313543599258,0.6432926829268293
world_unet,random,0.5,20260701,sample_0375.npz,984,small,0.7787391841779975,0.6376518218623481
world_unet,random,0.5,20260701,sample_0376.npz,984,small,0.8166172106824926,0.6900702106318957
world_unet,random,0.5,20260701,sample_0377.npz,984,small,0.76875,0.6243654822335025
world_unet,random,0.5,20260701,sample_0378.npz,984,small,0.778857837181045,0.6378109452736318
world_unet,random,0.5,20260701,sample_0379.npz,984,small,0.746524064171123,0.5955631399317406
world_unet,random,0.5,20260701,sample_0380.npz,2238,large,0.8498212157330155,0.738860103626943
world_unet,random,0.5,20260701,sample_0381.npz,2238,large,0.8382473382473382,0.7215368346845259
world_unet,random,0.5,20260701,sample_0382.npz,2238,large,0.8831814415907208,0.7908011869436202
world_unet,random,0.5,20260701,sample_0383.npz,2238,large,0.8009096547446765,0.6679310344827586
world_unet,random,0.5,20260701,sample_0384.npz,2238,large,0.877003121748179,0.7809488510007413
world_unet,random,0.5,20260701,sample_0385.npz,2238,large,0.7954897192129118,0.6604258443465492
world_unet,random,0.5,20260701,sample_0386.npz,2238,large,0.8372192513368985,0.7200147167034584
world_unet,random,0.5,20260701,sample_0387.npz,2238,large,0.7988153998025667,0.6650230111768574
world_unet,random,0.5,20260701,sample_0388.npz,2238,large,0.8102605863192183,0.6810403832991102
world_unet,random,0.5,20260701,sample_0389.npz,2238,large,0.9029982363315696,0.8231511254019293
world_unet,random,0.5,20260701,sample_0390.npz,616,small,0.8559077809798271,0.7481108312342569
world_unet,random,0.5,20260701,sample_0391.npz,616,small,0.8927231807951987,0.8062330623306233
world_unet,random,0.5,20260701,sample_0392.npz,616,small,0.91875,0.8497109826589595
world_unet,random,0.5,20260701,sample_0393.npz,616,small,0.8546125461254612,0.7461340206185567
world_unet,random,0.5,20260701,sample_0394.npz,616,small,0.9027882441597589,0.8228021978021978
world_unet,random,0.5,20260701,sample_0395.npz,616,small,0.897378277153558,0.813858695652174
world_unet,random,0.5,20260701,sample_0396.npz,616,small,0.8873348873348873,0.797486033519553
world_unet,random,0.5,20260701,sample_0397.npz,616,small,0.8501055594651654,0.7392900856793145
world_unet,random,0.5,20260701,sample_0398.npz,616,small,0.8222698072805139,0.6981818181818182
world_unet,random,0.5,20260701,sample_0399.npz,616,small,0.8749096167751266,0.7776349614395887
world_curve_unet,random,0.5,20260701,sample_0000.npz,1901,medium,0.8151585460170147,0.6879895561357703
world_curve_unet,random,0.5,20260701,sample_0001.npz,1901,medium,0.8006230529595015,0.6675324675324675
world_curve_unet,random,0.5,20260701,sample_0002.npz,1901,medium,0.7917643992702632,0.6553062985332183
world_curve_unet,random,0.5,20260701,sample_0003.npz,1901,medium,0.8244791666666667,0.7013735046521932
world_curve_unet,random,0.5,20260701,sample_0004.npz,1901,medium,0.785289345592212,0.6464826357969724
world_curve_unet,random,0.5,20260701,sample_0005.npz,1901,medium,0.8028731045490822,0.6706666666666666
world_curve_unet,random,0.5,20260701,sample_0006.npz,1901,medium,0.7705835331734612,0.6267880364109233
world_curve_unet,random,0.5,20260701,sample_0007.npz,1901,medium,0.7859778597785978,0.6474164133738601
world_curve_unet,random,0.5,20260701,sample_0008.npz,1901,medium,0.776071995764955,0.634083044982699
world_curve_unet,random,0.5,20260701,sample_0009.npz,1901,medium,0.7880580957504034,0.6502441189525078
world_curve_unet,random,0.5,20260701,sample_0010.npz,3931,large,0.8905551170744541,0.8027033436092008
world_curve_unet,random,0.5,20260701,sample_0011.npz,3931,large,0.8916837782340863,0.8045391384900417
world_curve_unet,random,0.5,20260701,sample_0012.npz,3931,large,0.8825079030558483,0.7897218293257897
world_curve_unet,random,0.5,20260701,sample_0013.npz,3931,large,0.9075100806451613,0.8306805074971165
world_curve_unet,random,0.5,20260701,sample_0014.npz,3931,large,0.8800416341399948,0.7857806691449815
world_curve_unet,random,0.5,20260701,sample_0015.npz,3931,large,0.8672960923157619,0.765686501504978
world_curve_unet,random,0.5,20260701,sample_0016.npz,3931,large,0.8602584814216478,0.7547838412473423
world_curve_unet,random,0.5,20260701,sample_0017.npz,3931,large,0.8621547648668824,0.757708287776077
world_curve_unet,random,0.5,20260701,sample_0018.npz,3931,large,0.8724249193348226,0.7737178076161128
world_curve_unet,random,0.5,20260701,sample_0019.npz,3931,large,0.8820005209690024,0.7889095992544268
world_curve_unet,random,0.5,20260701,sample_0020.npz,3610,large,0.7845677274007322,0.6455050973123262
world_curve_unet,random,0.5,20260701,sample_0021.npz,3610,large,0.79577565291851,0.6608200995496564
world_curve_unet,random,0.5,20260701,sample_0022.npz,3610,large,0.7795527156549521,0.6387434554973822
world_curve_unet,random,0.5,20260701,sample_0023.npz,3610,large,0.7368274711525094,0.5833149900946512
world_curve_unet,random,0.5,20260701,sample_0024.npz,3610,large,0.7666666666666667,0.6216216216216216
world_curve_unet,random,0.5,20260701,sample_0025.npz,3610,large,0.8150280696703613,0.6878036929057337
world_curve_unet,random,0.5,20260701,sample_0026.npz,3610,large,0.8050420168067227,0.6736990154711674
world_curve_unet,random,0.5,20260701,sample_0027.npz,3610,large,0.8125088439224565,0.6842230695900858
world_curve_unet,random,0.5,20260701,sample_0028.npz,3610,large,0.7995957262489172,0.6661053644455136
world_curve_unet,random,0.5,20260701,sample_0029.npz,3610,large,0.7522174535050071,0.6028433845448292
world_curve_unet,random,0.5,20260701,sample_0030.npz,3065,large,0.6868559411146162,0.5230621396540679
world_curve_unet,random,0.5,20260701,sample_0031.npz,3065,large,0.7024533445166702,0.5413703943115707
world_curve_unet,random,0.5,20260701,sample_0032.npz,3065,large,0.6974099810486418,0.5354025218234724
world_curve_unet,random,0.5,20260701,sample_0033.npz,3065,large,0.6807421625079975,0.516003879728419
world_curve_unet,random,0.5,20260701,sample_0034.npz,3065,large,0.7015050167224081,0.5402446877012235
world_curve_unet,random,0.5,20260701,sample_0035.npz,3065,large,0.597769178238106,0.4262987012987013
world_curve_unet,random,0.5,20260701,sample_0036.npz,3065,large,0.7052653660583176,0.5447180816591056
world_curve_unet,random,0.5,20260701,sample_0037.npz,3065,large,0.7235152487961477,0.5668028921722729
world_curve_unet,random,0.5,20260701,sample_0038.npz,3065,large,0.7289192996578788,0.5734642178594047
world_curve_unet,random,0.5,20260701,sample_0039.npz,3065,large,0.6915027208036836,0.5284708893154191
world_curve_unet,random,0.5,20260701,sample_0040.npz,1470,medium,0.81515909903468,0.687990343995172
world_curve_unet,random,0.5,20260701,sample_0041.npz,1470,medium,0.7851458885941645,0.6462882096069869
world_curve_unet,random,0.5,20260701,sample_0042.npz,1470,medium,0.7617107942973523,0.6151315789473685
world_curve_unet,random,0.5,20260701,sample_0043.npz,1470,medium,0.775894538606403,0.6338461538461538
world_curve_unet,random,0.5,20260701,sample_0044.npz,1470,medium,0.7716346153846154,0.6281800391389433
world_curve_unet,random,0.5,20260701,sample_0045.npz,1470,medium,0.8095881161377447,0.680090754395916
world_curve_unet,random,0.5,20260701,sample_0046.npz,1470,medium,0.8032786885245902,0.6712328767123288
world_curve_unet,random,0.5,20260701,sample_0047.npz,1470,medium,0.7923301917452064,0.6560818083961248
world_curve_unet,random,0.5,20260701,sample_0048.npz,1470,medium,0.7778465346534653,0.6364556962025316
world_curve_unet,random,0.5,20260701,sample_0049.npz,1470,medium,0.7386150966936993,0.5855588526211671
world_curve_unet,random,0.5,20260701,sample_0050.npz,5703,large,0.773561811505508,0.6307385229540918
world_curve_unet,random,0.5,20260701,sample_0051.npz,5703,large,0.7698191214470285,0.625777180305831
world_curve_unet,random,0.5,20260701,sample_0052.npz,5703,large,0.7756062621508237,0.6334614741768344
world_curve_unet,random,0.5,20260701,sample_0053.npz,5703,large,0.7805928813211611,0.6401413189771198
world_curve_unet,random,0.5,20260701,sample_0054.npz,5703,large,0.7725959554271564,0.6294552790854069
world_curve_unet,random,0.5,20260701,sample_0055.npz,5703,large,0.7788244931394634,0.6377662250545028
world_curve_unet,random,0.5,20260701,sample_0056.npz,5703,large,0.7703688482482277,0.6265040106951871
world_curve_unet,random,0.5,20260701,sample_0057.npz,5703,large,0.739832285115304,0.5870903343869572
world_curve_unet,random,0.5,20260701,sample_0058.npz,5703,large,0.780448065173116,0.6399465597862392
world_curve_unet,random,0.5,20260701,sample_0059.npz,5703,large,0.7905930470347649,0.6537030774433548
world_curve_unet,random,0.5,20260701,sample_0060.npz,1619,medium,0.756129887342611,0.6078849227490677
world_curve_unet,random,0.5,20260701,sample_0061.npz,1619,medium,0.759805510534846,0.6126502875065343
world_curve_unet,random,0.5,20260701,sample_0062.npz,1619,medium,0.7813021702838063,0.6410958904109589
world_curve_unet,random,0.5,20260701,sample_0063.npz,1619,medium,0.773421926910299,0.6305525460455038
world_curve_unet,random,0.5,20260701,sample_0064.npz,1619,medium,0.749584303292318,0.5994680851063829
world_curve_unet,random,0.5,20260701,sample_0065.npz,1619,medium,0.7692307692307693,0.625
world_curve_unet,random,0.5,20260701,sample_0066.npz,1619,medium,0.7577512776831345,0.609983543609435
world_curve_unet,random,0.5,20260701,sample_0067.npz,1619,medium,0.7575245180926615,0.6096897114861187
world_curve_unet,random,0.5,20260701,sample_0068.npz,1619,medium,0.7447447447447447,0.5933014354066986
world_curve_unet,random,0.5,20260701,sample_0069.npz,1619,medium,0.7497480685253611,0.599677592692101
world_curve_unet,random,0.5,20260701,sample_0070.npz,3556,large,0.7131762537843885,0.554214402618658
world_curve_unet,random,0.5,20260701,sample_0071.npz,3556,large,0.7180446106584747,0.5601166909772869
world_curve_unet,random,0.5,20260701,sample_0072.npz,3556,large,0.7331921651667549,0.5787714166318428
world_curve_unet,random,0.5,20260701,sample_0073.npz,3556,large,0.7075022519624244,0.5473914774990044
world_curve_unet,random,0.5,20260701,sample_0074.npz,3556,large,0.7026329375322664,0.54158376442499
world_curve_unet,random,0.5,20260701,sample_0075.npz,3556,large,0.7210081780399518,0.5637316561844864
world_curve_unet,random,0.5,20260701,sample_0076.npz,3556,large,0.7059903001704024,0.5455834683954619
world_curve_unet,random,0.5,20260701,sample_0077.npz,3556,large,0.7207255990253147,0.5633862433862434
world_curve_unet,random,0.5,20260701,sample_0078.npz,3556,large,0.7160526315789474,0.5576962492313999
world_curve_unet,random,0.5,20260701,sample_0079.npz,3556,large,0.7011509458923137,0.5398248115705846
world_curve_unet,random,0.5,20260701,sample_0080.npz,3899,large,0.6122448979591837,0.4411764705882353
world_curve_unet,random,0.5,20260701,sample_0081.npz,3899,large,0.5458539264140582,0.37537764350453173
world_curve_unet,random,0.5,20260701,sample_0082.npz,3899,large,0.5987438939288207,0.42729083665338646
world_curve_unet,random,0.5,20260701,sample_0083.npz,3899,large,0.5417639662295671,0.371520078837152
world_curve_unet,random,0.5,20260701,sample_0084.npz,3899,large,0.5621504600396897,0.39096612296110417
world_curve_unet,random,0.5,20260701,sample_0085.npz,3899,large,0.5327640616298497,0.3631072874493927
world_curve_unet,random,0.5,20260701,sample_0086.npz,3899,large,0.5996798861817535,0.428244856489713
world_curve_unet,random,0.5,20260701,sample_0087.npz,3899,large,0.5604655391889435,0.3893380495199596
world_curve_unet,random,0.5,20260701,sample_0088.npz,3899,large,0.6007115026257835,0.4292978208232445
world_curve_unet,random,0.5,20260701,sample_0089.npz,3899,large,0.5260796410544027,0.3569254185692542
world_curve_unet,random,0.5,20260701,sample_0090.npz,1153,medium,0.820229158435401,0.695244474212994
world_curve_unet,random,0.5,20260701,sample_0091.npz,1153,medium,0.8366693354683747,0.7192016517549896
world_curve_unet,random,0.5,20260701,sample_0092.npz,1153,medium,0.8381672971836907,0.7214182344428365
world_curve_unet,random,0.5,20260701,sample_0093.npz,1153,medium,0.855335301560523,0.7472365512159175
world_curve_unet,random,0.5,20260701,sample_0094.npz,1153,medium,0.8404512489927478,0.7248088950660181
world_curve_unet,random,0.5,20260701,sample_0095.npz,1153,medium,0.8248086991542489,0.7018505825908157
world_curve_unet,random,0.5,20260701,sample_0096.npz,1153,medium,0.8435483870967742,0.7294281729428173
world_curve_unet,random,0.5,20260701,sample_0097.npz,1153,medium,0.8655763861188672,0.7630098452883263
world_curve_unet,random,0.5,20260701,sample_0098.npz,1153,medium,0.8279430789133247,0.7064017660044151
world_curve_unet,random,0.5,20260701,sample_0099.npz,1153,medium,0.8676103247293921,0.7661764705882353
world_curve_unet,random,0.5,20260701,sample_0100.npz,1180,medium,0.7518848526387937,0.6024162548050521
world_curve_unet,random,0.5,20260701,sample_0101.npz,1180,medium,0.8265193370165745,0.704331450094162
world_curve_unet,random,0.5,20260701,sample_0102.npz,1180,medium,0.7871428571428571,0.6489988221436984
world_curve_unet,random,0.5,20260701,sample_0103.npz,1180,medium,0.8062678062678063,0.6754176610978521
world_curve_unet,random,0.5,20260701,sample_0104.npz,1180,medium,0.7864244086390126,0.6480225988700565
world_curve_unet,random,0.5,20260701,sample_0105.npz,1180,medium,0.7456350564875043,0.5944323144104804
world_curve_unet,random,0.5,20260701,sample_0106.npz,1180,medium,0.782312925170068,0.6424581005586593
world_curve_unet,random,0.5,20260701,sample_0107.npz,1180,medium,0.7851239669421488,0.6462585034013606
world_curve_unet,random,0.5,20260701,sample_0108.npz,1180,medium,0.7891696750902527,0.6517590936195587
world_curve_unet,random,0.5,20260701,sample_0109.npz,1180,medium,0.7669122572002679,0.6219445953286258
world_curve_unet,random,0.5,20260701,sample_0110.npz,548,small,0.8772845953002611,0.7813953488372093
world_curve_unet,random,0.5,20260701,sample_0111.npz,548,small,0.8691910499139415,0.7686453576864536
world_curve_unet,random,0.5,20260701,sample_0112.npz,548,small,0.9442922374429223,0.8944636678200693
world_curve_unet,random,0.5,20260701,sample_0113.npz,548,small,0.8718446601941747,0.7728055077452668
world_curve_unet,random,0.5,20260701,sample_0114.npz,548,small,0.8726287262872628,0.7740384615384616
world_curve_unet,random,0.5,20260701,sample_0115.npz,548,small,0.9312557286892759,0.8713550600343053
world_curve_unet,random,0.5,20260701,sample_0116.npz,548,small,0.9157303370786517,0.844559585492228
world_curve_unet,random,0.5,20260701,sample_0117.npz,548,small,0.9349442379182156,0.8778359511343804
world_curve_unet,random,0.5,20260701,sample_0118.npz,548,small,0.8865979381443299,0.7962962962962963
world_curve_unet,random,0.5,20260701,sample_0119.npz,548,small,0.9035714285714286,0.8241042345276873
world_curve_unet,random,0.5,20260701,sample_0120.npz,1680,medium,0.7398971344599559,0.5871720116618075
world_curve_unet,random,0.5,20260701,sample_0121.npz,1680,medium,0.6446397188049209,0.4756224066390041
world_curve_unet,random,0.5,20260701,sample_0122.npz,1680,medium,0.7570770243581304,0.6091101694915254
world_curve_unet,random,0.5,20260701,sample_0123.npz,1680,medium,0.8136721113127646,0.6858745537990821
world_curve_unet,random,0.5,20260701,sample_0124.npz,1680,medium,0.7671052631578947,0.6221985058697972
world_curve_unet,random,0.5,20260701,sample_0125.npz,1680,medium,0.7015635622025833,0.5403141361256545
world_curve_unet,random,0.5,20260701,sample_0126.npz,1680,medium,0.6418943533697632,0.47263948497854075
world_curve_unet,random,0.5,20260701,sample_0127.npz,1680,medium,0.7002635046113307,0.5387734414597061
world_curve_unet,random,0.5,20260701,sample_0128.npz,1680,medium,0.7653898768809849,0.6199445983379501
world_curve_unet,random,0.5,20260701,sample_0129.npz,1680,medium,0.7163661581137309,0.5580767152890329
world_curve_unet,random,0.5,20260701,sample_0130.npz,1109,medium,0.790442616529573,0.6534974093264249
world_curve_unet,random,0.5,20260701,sample_0131.npz,1109,medium,0.7907692307692308,0.6539440203562341
world_curve_unet,random,0.5,20260701,sample_0132.npz,1109,medium,0.7986084267491302,0.6647361647361647
world_curve_unet,random,0.5,20260701,sample_0133.npz,1109,medium,0.7803756228440015,0.6398491514770585
world_curve_unet,random,0.5,20260701,sample_0134.npz,1109,medium,0.763482280431433,0.6174454828660436
world_curve_unet,random,0.5,20260701,sample_0135.npz,1109,medium,0.8050413548641198,0.6736980883322347
world_curve_unet,random,0.5,20260701,sample_0136.npz,1109,medium,0.7750095822154082,0.632665832290363
world_curve_unet,random,0.5,20260701,sample_0137.npz,1109,medium,0.7498181818181818,0.5997673065735893
world_curve_unet,random,0.5,20260701,sample_0138.npz,1109,medium,0.7742663656884876,0.6316758747697975
world_curve_unet,random,0.5,20260701,sample_0139.npz,1109,medium,0.7931166347992352,0.6571609632446135
world_curve_unet,random,0.5,20260701,sample_0140.npz,452,small,0.3559322033898305,0.21649484536082475
world_curve_unet,random,0.5,20260701,sample_0141.npz,452,small,0.407202216066482,0.25565217391304346
world_curve_unet,random,0.5,20260701,sample_0142.npz,452,small,0.3157894736842105,0.1875
world_curve_unet,random,0.5,20260701,sample_0143.npz,452,small,0.3466981132075472,0.20970042796005706
world_curve_unet,random,0.5,20260701,sample_0144.npz,452,small,0.3625154130702836,0.2213855421686747
world_curve_unet,random,0.5,20260701,sample_0145.npz,452,small,0.3555018137847642,0.2161764705882353
world_curve_unet,random,0.5,20260701,sample_0146.npz,452,small,0.34106728538283065,0.2055944055944056
world_curve_unet,random,0.5,20260701,sample_0147.npz,452,small,0.40384615384615385,0.25301204819277107
world_curve_unet,random,0.5,20260701,sample_0148.npz,452,small,0.34507042253521125,0.20851063829787234
world_curve_unet,random,0.5,20260701,sample_0149.npz,452,small,0.3967611336032389,0.2474747474747475
world_curve_unet,random,0.5,20260701,sample_0150.npz,797,small,0.7845849802371542,0.6455284552845528
world_curve_unet,random,0.5,20260701,sample_0151.npz,797,small,0.7219954648526077,0.5649396735273243
world_curve_unet,random,0.5,20260701,sample_0152.npz,797,small,0.7401869158878505,0.5875370919881305
world_curve_unet,random,0.5,20260701,sample_0153.npz,797,small,0.7292716445258818,0.5739005046863734
world_curve_unet,random,0.5,20260701,sample_0154.npz,797,small,0.7422680412371134,0.5901639344262295
world_curve_unet,random,0.5,20260701,sample_0155.npz,797,small,0.7565258661604176,0.6083969465648855
world_curve_unet,random,0.5,20260701,sample_0156.npz,797,small,0.7396751740139211,0.5868924889543446
world_curve_unet,random,0.5,20260701,sample_0157.npz,797,small,0.7509469696969697,0.601213040181956
world_curve_unet,random,0.5,20260701,sample_0158.npz,797,small,0.7743514439549681,0.6317891373801917
world_curve_unet,random,0.5,20260701,sample_0159.npz,797,small,0.734223859972363,0.5800582241630277
world_curve_unet,random,0.5,20260701,sample_0160.npz,457,small,0.7780548628428927,0.636734693877551
world_curve_unet,random,0.5,20260701,sample_0161.npz,457,small,0.7654320987654321,0.62
world_curve_unet,random,0.5,20260701,sample_0162.npz,457,small,0.7920298879202988,0.6556701030927835
world_curve_unet,random,0.5,20260701,sample_0163.npz,457,small,0.7572115384615384,0.6092843326885881
world_curve_unet,random,0.5,20260701,sample_0164.npz,457,small,0.7608695652173914,0.6140350877192983
world_curve_unet,random,0.5,20260701,sample_0165.npz,457,small,0.75,0.6
world_curve_unet,random,0.5,20260701,sample_0166.npz,457,small,0.7679012345679013,0.6232464929859719
world_curve_unet,random,0.5,20260701,sample_0167.npz,457,small,0.7587064676616916,0.6112224448897795
world_curve_unet,random,0.5,20260701,sample_0168.npz,457,small,0.7847478474784748,0.645748987854251
world_curve_unet,random,0.5,20260701,sample_0169.npz,457,small,0.7435610302351624,0.5918003565062389
world_curve_unet,random,0.5,20260701,sample_0170.npz,993,medium,0.6401853690830851,0.4707887049659202
world_curve_unet,random,0.5,20260701,sample_0171.npz,993,medium,0.7138621200889548,0.555043227665706
world_curve_unet,random,0.5,20260701,sample_0172.npz,993,medium,0.6957158549981691,0.5334081976417743
world_curve_unet,random,0.5,20260701,sample_0173.npz,993,medium,0.7161862527716186,0.5578583765112263
world_curve_unet,random,0.5,20260701,sample_0174.npz,993,medium,0.6994856722997795,0.5378531073446328
world_curve_unet,random,0.5,20260701,sample_0175.npz,993,medium,0.703930760908763,0.5431274346132443
world_curve_unet,random,0.5,20260701,sample_0176.npz,993,medium,0.7032306536438768,0.5422943221320974
world_curve_unet,random,0.5,20260701,sample_0177.npz,993,medium,0.7218100890207715,0.5647127103888566
world_curve_unet,random,0.5,20260701,sample_0178.npz,993,medium,0.6785714285714286,0.5135135135135135
world_curve_unet,random,0.5,20260701,sample_0179.npz,993,medium,0.7130497476568133,0.55406162464986
world_curve_unet,random,0.5,20260701,sample_0180.npz,704,small,0.7306155075939249,0.575566750629723
world_curve_unet,random,0.5,20260701,sample_0181.npz,704,small,0.7295154185022027,0.5742024965325936
world_curve_unet,random,0.5,20260701,sample_0182.npz,704,small,0.7520723436322532,0.6026570048309179
world_curve_unet,random,0.5,20260701,sample_0183.npz,704,small,0.7485572959604286,0.5981554677206851
world_curve_unet,random,0.5,20260701,sample_0184.npz,704,small,0.7743467933491687,0.6317829457364341
world_curve_unet,random,0.5,20260701,sample_0185.npz,704,small,0.7621283255086072,0.6156763590391909
world_curve_unet,random,0.5,20260701,sample_0186.npz,704,small,0.7986633249791144,0.6648122392211405
world_curve_unet,random,0.5,20260701,sample_0187.npz,704,small,0.7643530419880035,0.6185852981969486
world_curve_unet,random,0.5,20260701,sample_0188.npz,704,small,0.7588325652841782,0.6113861386138614
world_curve_unet,random,0.5,20260701,sample_0189.npz,704,small,0.7504105090311987,0.6005256241787122
world_curve_unet,random,0.5,20260701,sample_0190.npz,2309,large,0.7244740892765521,0.5679806918744972
world_curve_unet,random,0.5,20260701,sample_0191.npz,2309,large,0.7005669737774628,0.5391328061085355
world_curve_unet,random,0.5,20260701,sample_0192.npz,2309,large,0.7349731226584134,0.580994076744785
world_curve_unet,random,0.5,20260701,sample_0193.npz,2309,large,0.7177346160827737,0.5597395243488109
world_curve_unet,random,0.5,20260701,sample_0194.npz,2309,large,0.7142141306163354,0.5554689529747987
world_curve_unet,random,0.5,20260701,sample_0195.npz,2309,large,0.7770975873244509,0.6354534746760895
world_curve_unet,random,0.5,20260701,sample_0196.npz,2309,large,0.6868965517241379,0.523109243697479
world_curve_unet,random,0.5,20260701,sample_0197.npz,2309,large,0.7056083139222361,0.5451273532668881
world_curve_unet,random,0.5,20260701,sample_0198.npz,2309,large,0.7384898710865562,0.5854014598540146
world_curve_unet,random,0.5,20260701,sample_0199.npz,2309,large,0.7647768395657418,0.619140625
world_curve_unet,random,0.5,20260701,sample_0200.npz,2380,large,0.7628205128205128,0.616580310880829
world_curve_unet,random,0.5,20260701,sample_0201.npz,2380,large,0.8048452220726783,0.6734234234234234
world_curve_unet,random,0.5,20260701,sample_0202.npz,2380,large,0.7469934195597913,0.5961608113002536
world_curve_unet,random,0.5,20260701,sample_0203.npz,2380,large,0.8055555555555556,0.6744186046511628
world_curve_unet,random,0.5,20260701,sample_0204.npz,2380,large,0.8193153479936522,0.6939324116743472
world_curve_unet,random,0.5,20260701,sample_0205.npz,2380,large,0.8132071115215885,0.6852140077821012
world_curve_unet,random,0.5,20260701,sample_0206.npz,2380,large,0.7720160929816718,0.628685839097197
world_curve_unet,random,0.5,20260701,sample_0207.npz,2380,large,0.7796685082872928,0.6388989496559218
world_curve_unet,random,0.5,20260701,sample_0208.npz,2380,large,0.7721369539551358,0.6288461538461538
world_curve_unet,random,0.5,20260701,sample_0209.npz,2380,large,0.8081116441343218,0.6780095133552873
world_curve_unet,random,0.5,20260701,sample_0210.npz,955,small,0.6190476190476191,0.4482758620689655
world_curve_unet,random,0.5,20260701,sample_0211.npz,955,small,0.6035196687370601,0.43217197924388434
world_curve_unet,random,0.5,20260701,sample_0212.npz,955,small,0.5729275970619098,0.40147058823529413
world_curve_unet,random,0.5,20260701,sample_0213.npz,955,small,0.5945945945945946,0.4230769230769231
world_curve_unet,random,0.5,20260701,sample_0214.npz,955,small,0.6123093108890058,0.44124336618650495
world_curve_unet,random,0.5,20260701,sample_0215.npz,955,small,0.6019704433497537,0.43058491895701195
world_curve_unet,random,0.5,20260701,sample_0216.npz,955,small,0.6651958080529509,0.4983471074380165
world_curve_unet,random,0.5,20260701,sample_0217.npz,955,small,0.6092206366630076,0.43804262036306235
world_curve_unet,random,0.5,20260701,sample_0218.npz,955,small,0.541993281075028,0.3717357910906298
world_curve_unet,random,0.5,20260701,sample_0219.npz,955,small,0.6226886556721639,0.4521044992743106
world_curve_unet,random,0.5,20260701,sample_0220.npz,383,small,0.7666666666666667,0.6216216216216216
world_curve_unet,random,0.5,20260701,sample_0221.npz,383,small,0.7875776397515528,0.6495901639344263
world_curve_unet,random,0.5,20260701,sample_0222.npz,383,small,0.7673267326732673,0.6224899598393574
world_curve_unet,random,0.5,20260701,sample_0223.npz,383,small,0.5116279069767442,0.34375
world_curve_unet,random,0.5,20260701,sample_0224.npz,383,small,0.7405602923264312,0.5880077369439072
world_curve_unet,random,0.5,20260701,sample_0225.npz,383,small,0.5823336968375137,0.4107692307692308
world_curve_unet,random,0.5,20260701,sample_0226.npz,383,small,0.5787139689578714,0.40717628705148207
world_curve_unet,random,0.5,20260701,sample_0227.npz,383,small,0.675776397515528,0.5103189493433395
world_curve_unet,random,0.5,20260701,sample_0228.npz,383,small,0.5854748603351956,0.41390205371248023
world_curve_unet,random,0.5,20260701,sample_0229.npz,383,small,0.8169014084507042,0.6904761904761905
world_curve_unet,random,0.5,20260701,sample_0230.npz,817,small,0.7788918205804749,0.6378565254969749
world_curve_unet,random,0.5,20260701,sample_0231.npz,817,small,0.7252747252747253,0.5689655172413793
world_curve_unet,random,0.5,20260701,sample_0232.npz,817,small,0.7682317682317682,0.6236820762368208
world_curve_unet,random,0.5,20260701,sample_0233.npz,817,small,0.8,0.6666666666666666
world_curve_unet,random,0.5,20260701,sample_0234.npz,817,small,0.7743172017249641,0.6317435496481626
world_curve_unet,random,0.5,20260701,sample_0235.npz,817,small,0.7874938935026868,0.6494762288477035
world_curve_unet,random,0.5,20260701,sample_0236.npz,817,small,0.796812749003984,0.6622516556291391
world_curve_unet,random,0.5,20260701,sample_0237.npz,817,small,0.7554060547813551,0.6069498069498069
world_curve_unet,random,0.5,20260701,sample_0238.npz,817,small,0.7393495190105359,0.5864825581395349
world_curve_unet,random,0.5,20260701,sample_0239.npz,817,small,0.7776659959758552,0.6362139917695473
world_curve_unet,random,0.5,20260701,sample_0240.npz,1951,medium,0.7494824016563147,0.5993377483443708
world_curve_unet,random,0.5,20260701,sample_0241.npz,1951,medium,0.7313528531737551,0.5764824797843666
world_curve_unet,random,0.5,20260701,sample_0242.npz,1951,medium,0.8104176442984514,0.6812623274161735
world_curve_unet,random,0.5,20260701,sample_0243.npz,1951,medium,0.77,0.6260162601626016
world_curve_unet,random,0.5,20260701,sample_0244.npz,1951,medium,0.6910774410774411,0.5279742765273312
world_curve_unet,random,0.5,20260701,sample_0245.npz,1951,medium,0.801345059493016,0.6685369011653
world_curve_unet,random,0.5,20260701,sample_0246.npz,1951,medium,0.7866220735785954,0.6482910694597575
world_curve_unet,random,0.5,20260701,sample_0247.npz,1951,medium,0.8336175395858709,0.7147034252297411
world_curve_unet,random,0.5,20260701,sample_0248.npz,1951,medium,0.7778556412053259,0.6364678899082569
world_curve_unet,random,0.5,20260701,sample_0249.npz,1951,medium,0.8316288351209778,0.7117847993168233
world_curve_unet,random,0.5,20260701,sample_0250.npz,3829,large,0.6787709497206704,0.5137420718816068
world_curve_unet,random,0.5,20260701,sample_0251.npz,3829,large,0.6817564508827524,0.5171703296703297
world_curve_unet,random,0.5,20260701,sample_0252.npz,3829,large,0.6904974679773608,0.5272975432211101
world_curve_unet,random,0.5,20260701,sample_0253.npz,3829,large,0.6158088235294118,0.4448871181938911
world_curve_unet,random,0.5,20260701,sample_0254.npz,3829,large,0.6645865834633385,0.4976635514018692
world_curve_unet,random,0.5,20260701,sample_0255.npz,3829,large,0.627829665980687,0.457544993077988
world_curve_unet,random,0.5,20260701,sample_0256.npz,3829,large,0.7159969673995451,0.557628719886632
world_curve_unet,random,0.5,20260701,sample_0257.npz,3829,large,0.6569603327885901,0.4891592920353982
world_curve_unet,random,0.5,20260701,sample_0258.npz,3829,large,0.6949127693886527,0.5324646146933273
world_curve_unet,random,0.5,20260701,sample_0259.npz,3829,large,0.6665644171779141,0.4998849781458477
world_curve_unet,random,0.5,20260701,sample_0260.npz,1968,medium,0.39090622039785283,0.24293563579277866
world_curve_unet,random,0.5,20260701,sample_0261.npz,1968,medium,0.39748953974895396,0.24804177545691905
world_curve_unet,random,0.5,20260701,sample_0262.npz,1968,medium,0.40594059405940597,0.2546583850931677
world_curve_unet,random,0.5,20260701,sample_0263.npz,1968,medium,0.4893425397778445,0.3239268680445151
world_curve_unet,random,0.5,20260701,sample_0264.npz,1968,medium,0.4090767796083307,0.25713169206721376
world_curve_unet,random,0.5,20260701,sample_0265.npz,1968,medium,0.41242450388265744,0.2597826086956522
world_curve_unet,random,0.5,20260701,sample_0266.npz,1968,medium,0.3983328371539149,0.24869888475836432
world_curve_unet,random,0.5,20260701,sample_0267.npz,1968,medium,0.3970315398886827,0.24768518518518517
world_curve_unet,random,0.5,20260701,sample_0268.npz,1968,medium,0.4110260336906585,0.25867386276021587
world_curve_unet,random,0.5,20260701,sample_0269.npz,1968,medium,0.38748137108792846,0.24029574861367836
world_curve_unet,random,0.5,20260701,sample_0270.npz,368,small,0.7588357588357588,0.6113902847571189
world_curve_unet,random,0.5,20260701,sample_0271.npz,368,small,0.7479674796747967,0.5974025974025974
world_curve_unet,random,0.5,20260701,sample_0272.npz,368,small,0.7603305785123967,0.6133333333333333
world_curve_unet,random,0.5,20260701,sample_0273.npz,368,small,0.7982646420824295,0.6642599277978339
world_curve_unet,random,0.5,20260701,sample_0274.npz,368,small,0.690566037735849,0.5273775216138329
world_curve_unet,random,0.5,20260701,sample_0275.npz,368,small,0.8286038592508513,0.7073643410852714
world_curve_unet,random,0.5,20260701,sample_0276.npz,368,small,0.7788359788359789,0.6377816291161178
world_curve_unet,random,0.5,20260701,sample_0277.npz,368,small,0.7411883182275931,0.5888
world_curve_unet,random,0.5,20260701,sample_0278.npz,368,small,0.71875,0.5609756097560976
world_curve_unet,random,0.5,20260701,sample_0279.npz,368,small,0.7548717948717949,0.6062602965403624
world_curve_unet,random,0.5,20260701,sample_0280.npz,595,small,0.5984112974404237,0.4269521410579345
world_curve_unet,random,0.5,20260701,sample_0281.npz,595,small,0.6554770318021201,0.48751642575558474
world_curve_unet,random,0.5,20260701,sample_0282.npz,595,small,0.6466165413533834,0.4777777777777778
world_curve_unet,random,0.5,20260701,sample_0283.npz,595,small,0.6570915619389587,0.4893048128342246
world_curve_unet,random,0.5,20260701,sample_0284.npz,595,small,0.6517690875232774,0.48342541436464087
world_curve_unet,random,0.5,20260701,sample_0285.npz,595,small,0.6784059314179796,0.5133239831697055
world_curve_unet,random,0.5,20260701,sample_0286.npz,595,small,0.6607617360496014,0.4933862433862434
world_curve_unet,random,0.5,20260701,sample_0287.npz,595,small,0.6701754385964912,0.503957783641161
world_curve_unet,random,0.5,20260701,sample_0288.npz,595,small,0.6782449725776966,0.5131396957123098
world_curve_unet,random,0.5,20260701,sample_0289.npz,595,small,0.6685236768802229,0.502092050209205
world_curve_unet,random,0.5,20260701,sample_0290.npz,2717,large,0.444022770398482,0.28536585365853656
world_curve_unet,random,0.5,20260701,sample_0291.npz,2717,large,0.42000552638850513,0.2658272123119972
world_curve_unet,random,0.5,20260701,sample_0292.npz,2717,large,0.43997797356828194,0.28203318037416164
world_curve_unet,random,0.5,20260701,sample_0293.npz,2717,large,0.4332520985648524,0.27652955409609403
world_curve_unet,random,0.5,20260701,sample_0294.npz,2717,large,0.4332507569501789,0.2765284609978918
world_curve_unet,random,0.5,20260701,sample_0295.npz,2717,large,0.4658268560707585,0.30363382250174703
world_curve_unet,random,0.5,20260701,sample_0296.npz,2717,large,0.43884892086330934,0.28110599078341014
world_curve_unet,random,0.5,20260701,sample_0297.npz,2717,large,0.40800444691495275,0.2562849162011173
world_curve_unet,random,0.5,20260701,sample_0298.npz,2717,large,0.43178660739094193,0.27533664068036856
world_curve_unet,random,0.5,20260701,sample_0299.npz,2717,large,0.44311050477489766,0.2846126883981774
world_curve_unet,random,0.5,20260701,sample_0300.npz,990,medium,0.8353413654618473,0.7172413793103448
world_curve_unet,random,0.5,20260701,sample_0301.npz,990,medium,0.8468258590564939,0.7343434343434343
world_curve_unet,random,0.5,20260701,sample_0302.npz,990,medium,0.8503060656649972,0.739593417231365
world_curve_unet,random,0.5,20260701,sample_0303.npz,990,medium,0.8477886272257323,0.7357926221335992
world_curve_unet,random,0.5,20260701,sample_0304.npz,990,medium,0.8487636572742956,0.7372627372627373
world_curve_unet,random,0.5,20260701,sample_0305.npz,990,medium,0.8246225319396051,0.7015810276679841
world_curve_unet,random,0.5,20260701,sample_0306.npz,990,medium,0.8277483833039389,0.7061183550651956
world_curve_unet,random,0.5,20260701,sample_0307.npz,990,medium,0.8454810495626822,0.7323232323232324
world_curve_unet,random,0.5,20260701,sample_0308.npz,990,medium,0.8325471698113207,0.7131313131313132
world_curve_unet,random,0.5,20260701,sample_0309.npz,990,medium,0.8290398126463701,0.708
world_curve_unet,random,0.5,20260701,sample_0310.npz,1805,medium,0.7472270869819031,0.5964585274930102
world_curve_unet,random,0.5,20260701,sample_0311.npz,1805,medium,0.7660455486542443,0.6208053691275168
world_curve_unet,random,0.5,20260701,sample_0312.npz,1805,medium,0.729655592807071,0.5743761996161229
world_curve_unet,random,0.5,20260701,sample_0313.npz,1805,medium,0.7038883349950149,0.5430769230769231
world_curve_unet,random,0.5,20260701,sample_0314.npz,1805,medium,0.7625337736415491,0.616205725376031
world_curve_unet,random,0.5,20260701,sample_0315.npz,1805,medium,0.684856753069577,0.520746887966805
world_curve_unet,random,0.5,20260701,sample_0316.npz,1805,medium,0.6231086657496562,0.45254745254745254
world_curve_unet,random,0.5,20260701,sample_0317.npz,1805,medium,0.6795074202715503,0.5145863223338115
world_curve_unet,random,0.5,20260701,sample_0318.npz,1805,medium,0.6536366549182954,0.4854831032841504
world_curve_unet,random,0.5,20260701,sample_0319.npz,1805,medium,0.6922535211267605,0.5293484114162628
world_curve_unet,random,0.5,20260701,sample_0320.npz,2045,large,0.8707099200752233,0.7710241465445462
world_curve_unet,random,0.5,20260701,sample_0321.npz,2045,large,0.8545034642032333,0.7459677419354839
world_curve_unet,random,0.5,20260701,sample_0322.npz,2045,large,0.8764204545454546,0.7800252844500632
world_curve_unet,random,0.5,20260701,sample_0323.npz,2045,large,0.8487051340299864,0.7371744277821626
world_curve_unet,random,0.5,20260701,sample_0324.npz,2045,large,0.8840262582056893,0.792156862745098
world_curve_unet,random,0.5,20260701,sample_0325.npz,2045,large,0.8432586946164841,0.728995057660626
world_curve_unet,random,0.5,20260701,sample_0326.npz,2045,large,0.8668086113082565,0.7649269311064718
world_curve_unet,random,0.5,20260701,sample_0327.npz,2045,large,0.8813310496696843,0.7878390201224846
world_curve_unet,random,0.5,20260701,sample_0328.npz,2045,large,0.8343978102189781,0.7158512720156556
world_curve_unet,random,0.5,20260701,sample_0329.npz,2045,large,0.8557919621749409,0.7479338842975206
world_curve_unet,random,0.5,20260701,sample_0330.npz,1112,medium,0.6446028513238289,0.4755822689706987
world_curve_unet,random,0.5,20260701,sample_0331.npz,1112,medium,0.5150976909413855,0.34688995215311
world_curve_unet,random,0.5,20260701,sample_0332.npz,1112,medium,0.620077648363838,0.44935691318327975
world_curve_unet,random,0.5,20260701,sample_0333.npz,1112,medium,0.6920565832426551,0.5291181364392679
world_curve_unet,random,0.5,20260701,sample_0334.npz,1112,medium,0.7274569402228976,0.571656050955414
world_curve_unet,random,0.5,20260701,sample_0335.npz,1112,medium,0.697632058287796,0.5356643356643357
world_curve_unet,random,0.5,20260701,sample_0336.npz,1112,medium,0.653125,0.48491879350348027
world_curve_unet,random,0.5,20260701,sample_0337.npz,1112,medium,0.4789762340036563,0.31490384615384615
world_curve_unet,random,0.5,20260701,sample_0338.npz,1112,medium,0.7340576287198867,0.5798507462686567
world_curve_unet,random,0.5,20260701,sample_0339.npz,1112,medium,0.5823754789272031,0.41081081081081083
world_curve_unet,random,0.5,20260701,sample_0340.npz,894,small,0.6905116741182314,0.5273141122913505
world_curve_unet,random,0.5,20260701,sample_0341.npz,894,small,0.7643115007735947,0.6185308848080133
world_curve_unet,random,0.5,20260701,sample_0342.npz,894,small,0.8096280087527352,0.6801470588235294
world_curve_unet,random,0.5,20260701,sample_0343.npz,894,small,0.7101910828025477,0.5506172839506173
world_curve_unet,random,0.5,20260701,sample_0344.npz,894,small,0.7194244604316546,0.5617977528089888
world_curve_unet,random,0.5,20260701,sample_0345.npz,894,small,0.7648870636550308,0.6192851205320034
world_curve_unet,random,0.5,20260701,sample_0346.npz,894,small,0.6867523260965884,0.5229419703103914
world_curve_unet,random,0.5,20260701,sample_0347.npz,894,small,0.6669724770642201,0.5003441156228493
world_curve_unet,random,0.5,20260701,sample_0348.npz,894,small,0.754,0.6051364365971108
world_curve_unet,random,0.5,20260701,sample_0349.npz,894,small,0.7813551177318597,0.6411671924290221
world_curve_unet,random,0.5,20260701,sample_0350.npz,5575,large,0.7539592760180995,0.6050839763958239
world_curve_unet,random,0.5,20260701,sample_0351.npz,5575,large,0.7358418852147472,0.582080577269994
world_curve_unet,random,0.5,20260701,sample_0352.npz,5575,large,0.7297555385790679,0.5745000751766651
world_curve_unet,random,0.5,20260701,sample_0353.npz,5575,large,0.7204269771955362,0.563021386318823
world_curve_unet,random,0.5,20260701,sample_0354.npz,5575,large,0.7530003871467286,0.6038497361067992
world_curve_unet,random,0.5,20260701,sample_0355.npz,5575,large,0.7239041161302645,0.5672803472534051
world_curve_unet,random,0.5,20260701,sample_0356.npz,5575,large,0.7438202247191011,0.592128801431127
world_curve_unet,random,0.5,20260701,sample_0357.npz,5575,large,0.7388883646314994,0.5859024244238252
world_curve_unet,random,0.5,20260701,sample_0358.npz,5575,large,0.7666666666666667,0.6216216216216216
world_curve_unet,random,0.5,20260701,sample_0359.npz,5575,large,0.772807881773399,0.6297366730892743
world_curve_unet,random,0.5,20260701,sample_0360.npz,764,small,0.6512077294685991,0.4828080229226361
world_curve_unet,random,0.5,20260701,sample_0361.npz,764,small,0.6929133858267716,0.5301204819277109
world_curve_unet,random,0.5,20260701,sample_0362.npz,764,small,0.6145454545454545,0.4435695538057743
world_curve_unet,random,0.5,20260701,sample_0363.npz,764,small,0.7085714285714285,0.5486725663716814
world_curve_unet,random,0.5,20260701,sample_0364.npz,764,small,0.6998521439132578,0.5382865807429871
world_curve_unet,random,0.5,20260701,sample_0365.npz,764,small,0.6751219512195122,0.5095729013254786
world_curve_unet,random,0.5,20260701,sample_0366.npz,764,small,0.6817496229260935,0.517162471395881
world_curve_unet,random,0.5,20260701,sample_0367.npz,764,small,0.6583373378183566,0.4906876790830946
world_curve_unet,random,0.5,20260701,sample_0368.npz,764,small,0.7152454780361757,0.5567176186645213
world_curve_unet,random,0.5,20260701,sample_0369.npz,764,small,0.6865520728008089,0.5227097767513472
world_curve_unet,random,0.5,20260701,sample_0370.npz,984,small,0.827466820542412,0.7057086614173228
world_curve_unet,random,0.5,20260701,sample_0371.npz,984,small,0.8268029528676888,0.7047434656340755
world_curve_unet,random,0.5,20260701,sample_0372.npz,984,small,0.7825574543311726,0.6427879961277831
world_curve_unet,random,0.5,20260701,sample_0373.npz,984,small,0.8038277511961722,0.672
world_curve_unet,random,0.5,20260701,sample_0374.npz,984,small,0.8057471264367816,0.6746871992300288
world_curve_unet,random,0.5,20260701,sample_0375.npz,984,small,0.7906158357771261,0.6537342386032978
world_curve_unet,random,0.5,20260701,sample_0376.npz,984,small,0.8110547095318669,0.6821631878557874
world_curve_unet,random,0.5,20260701,sample_0377.npz,984,small,0.7738452309538092,0.6311154598825832
world_curve_unet,random,0.5,20260701,sample_0378.npz,984,small,0.8013505908835116,0.6685446009389672
world_curve_unet,random,0.5,20260701,sample_0379.npz,984,small,0.7977591036414566,0.6635601118359739
world_curve_unet,random,0.5,20260701,sample_0380.npz,2238,large,0.844806316308907,0.7313114053823152
world_curve_unet,random,0.5,20260701,sample_0381.npz,2238,large,0.8559979964938642,0.7482486865148862
world_curve_unet,random,0.5,20260701,sample_0382.npz,2238,large,0.7661122661122661,0.6208930075821398
world_curve_unet,random,0.5,20260701,sample_0383.npz,2238,large,0.7914547304170906,0.6548821548821548
world_curve_unet,random,0.5,20260701,sample_0384.npz,2238,large,0.8659603869184708,0.7636068237205524
world_curve_unet,random,0.5,20260701,sample_0385.npz,2238,large,0.8501298088270003,0.7393267651888341
world_curve_unet,random,0.5,20260701,sample_0386.npz,2238,large,0.8330804248861912,0.7139141742522757
world_curve_unet,random,0.5,20260701,sample_0387.npz,2238,large,0.7871733966745843,0.6490403446925186
world_curve_unet,random,0.5,20260701,sample_0388.npz,2238,large,0.8624910007199424,0.7582278481012659
world_curve_unet,random,0.5,20260701,sample_0389.npz,2238,large,0.8063300678221552,0.6755050505050505
world_curve_unet,random,0.5,20260701,sample_0390.npz,616,small,0.8730025231286795,0.7746268656716417
world_curve_unet,random,0.5,20260701,sample_0391.npz,616,small,0.879646017699115,0.7851500789889415
world_curve_unet,random,0.5,20260701,sample_0392.npz,616,small,0.8506224066390041,0.740072202166065
world_curve_unet,random,0.5,20260701,sample_0393.npz,616,small,0.8676470588235294,0.7662337662337663
world_curve_unet,random,0.5,20260701,sample_0394.npz,616,small,0.873015873015873,0.7746478873239436
world_curve_unet,random,0.5,20260701,sample_0395.npz,616,small,0.8755490483162518,0.7786458333333334
world_curve_unet,random,0.5,20260701,sample_0396.npz,616,small,0.9065108514190318,0.8290076335877863
world_curve_unet,random,0.5,20260701,sample_0397.npz,616,small,0.8941755537325676,0.8086053412462908
world_curve_unet,random,0.5,20260701,sample_0398.npz,616,small,0.8716780561883067,0.7725437415881561
world_curve_unet,random,0.5,20260701,sample_0399.npz,616,small,0.8322475570032574,0.7126917712691772
